{
  "timestamp": "2025-12-28 15:15:49",
  "results": [
    {
      "framework": "JAX",
      "population_size": 32,
      "mean_time_ms": 1.254232581704855,
      "std_time_ms": 0.21667740700561763,
      "min_time_ms": 0.19219802925363183,
      "max_time_ms": 1.8034959794022143,
      "throughput_samples_per_sec": 25513.609251406146,
      "total_params": 6291456,
      "config": {
        "population_sizes": [
          32,
          64,
          128,
          256,
          512
        ],
        "input_dim": 512,
        "hidden_dim": 2048,
        "output_dim": 512,
        "batch_size": 1,
        "rank": 4,
        "sigma": 0.1,
        "seed": 42,
        "warmup_iters": 10,
        "bench_iters": 50,
        "num_layers": 3
      }
    },
    {
      "framework": "PyTorch",
      "population_size": 32,
      "mean_time_ms": 3.658924400806427,
      "std_time_ms": 1.2047057721057874,
      "min_time_ms": 2.916477038525045,
      "max_time_ms": 6.880022992845625,
      "throughput_samples_per_sec": 8745.73959302007,
      "total_params": 6291456,
      "config": {
        "population_sizes": [
          32,
          64,
          128,
          256,
          512
        ],
        "input_dim": 512,
        "hidden_dim": 2048,
        "output_dim": 512,
        "batch_size": 1,
        "rank": 4,
        "sigma": 0.1,
        "seed": 42,
        "warmup_iters": 10,
        "bench_iters": 50,
        "num_layers": 3
      }
    },
    {
      "framework": "JAX",
      "population_size": 64,
      "mean_time_ms": 1.2489192374050617,
      "std_time_ms": 0.32020964272754787,
      "min_time_ms": 1.1034990311600268,
      "max_time_ms": 3.392660990357399,
      "throughput_samples_per_sec": 51244.306343599776,
      "total_params": 6291456,
      "config": {
        "population_sizes": [
          32,
          64,
          128,
          256,
          512
        ],
        "input_dim": 512,
        "hidden_dim": 2048,
        "output_dim": 512,
        "batch_size": 1,
        "rank": 4,
        "sigma": 0.1,
        "seed": 42,
        "warmup_iters": 10,
        "bench_iters": 50,
        "num_layers": 3
      }
    },
    {
      "framework": "PyTorch",
      "population_size": 64,
      "mean_time_ms": 6.437014467082918,
      "std_time_ms": 1.8512431042663913,
      "min_time_ms": 4.707967978902161,
      "max_time_ms": 12.067332048900425,
      "throughput_samples_per_sec": 9942.497461715831,
      "total_params": 6291456,
      "config": {
        "population_sizes": [
          32,
          64,
          128,
          256,
          512
        ],
        "input_dim": 512,
        "hidden_dim": 2048,
        "output_dim": 512,
        "batch_size": 1,
        "rank": 4,
        "sigma": 0.1,
        "seed": 42,
        "warmup_iters": 10,
        "bench_iters": 50,
        "num_layers": 3
      }
    },
    {
      "framework": "JAX",
      "population_size": 128,
      "mean_time_ms": 2.4412251368630677,
      "std_time_ms": 0.9220073476183589,
      "min_time_ms": 1.1870539747178555,
      "max_time_ms": 5.5050820228643715,
      "throughput_samples_per_sec": 52432.68966355057,
      "total_params": 6291456,
      "config": {
        "population_sizes": [
          32,
          64,
          128,
          256,
          512
        ],
        "input_dim": 512,
        "hidden_dim": 2048,
        "output_dim": 512,
        "batch_size": 1,
        "rank": 4,
        "sigma": 0.1,
        "seed": 42,
        "warmup_iters": 10,
        "bench_iters": 50,
        "num_layers": 3
      }
    },
    {
      "framework": "PyTorch",
      "population_size": 128,
      "mean_time_ms": 10.149755633901805,
      "std_time_ms": 2.702349918815614,
      "min_time_ms": 7.909936946816742,
      "max_time_ms": 19.563787966035306,
      "throughput_samples_per_sec": 12611.141057668381,
      "total_params": 6291456,
      "config": {
        "population_sizes": [
          32,
          64,
          128,
          256,
          512
        ],
        "input_dim": 512,
        "hidden_dim": 2048,
        "output_dim": 512,
        "batch_size": 1,
        "rank": 4,
        "sigma": 0.1,
        "seed": 42,
        "warmup_iters": 10,
        "bench_iters": 50,
        "num_layers": 3
      }
    },
    {
      "framework": "JAX",
      "population_size": 256,
      "mean_time_ms": 1.3965432823169976,
      "std_time_ms": 0.2799597255304292,
      "min_time_ms": 1.1553049553185701,
      "max_time_ms": 2.5497019523754716,
      "throughput_samples_per_sec": 183309.75003887582,
      "total_params": 6291456,
      "config": {
        "population_sizes": [
          32,
          64,
          128,
          256,
          512
        ],
        "input_dim": 512,
        "hidden_dim": 2048,
        "output_dim": 512,
        "batch_size": 1,
        "rank": 4,
        "sigma": 0.1,
        "seed": 42,
        "warmup_iters": 10,
        "bench_iters": 50,
        "num_layers": 3
      }
    },
    {
      "framework": "PyTorch",
      "population_size": 256,
      "mean_time_ms": 20.629972639726475,
      "std_time_ms": 6.899457931706992,
      "min_time_ms": 16.148531052749604,
      "max_time_ms": 39.73854100331664,
      "throughput_samples_per_sec": 12409.129399766096,
      "total_params": 6291456,
      "config": {
        "population_sizes": [
          32,
          64,
          128,
          256,
          512
        ],
        "input_dim": 512,
        "hidden_dim": 2048,
        "output_dim": 512,
        "batch_size": 1,
        "rank": 4,
        "sigma": 0.1,
        "seed": 42,
        "warmup_iters": 10,
        "bench_iters": 50,
        "num_layers": 3
      }
    },
    {
      "framework": "JAX",
      "population_size": 512,
      "mean_time_ms": 2.810079596238211,
      "std_time_ms": 0.874560637998045,
      "min_time_ms": 2.2282529971562326,
      "max_time_ms": 5.771088995970786,
      "throughput_samples_per_sec": 182201.24464993898,
      "total_params": 6291456,
      "config": {
        "population_sizes": [
          32,
          64,
          128,
          256,
          512
        ],
        "input_dim": 512,
        "hidden_dim": 2048,
        "output_dim": 512,
        "batch_size": 1,
        "rank": 4,
        "sigma": 0.1,
        "seed": 42,
        "warmup_iters": 10,
        "bench_iters": 50,
        "num_layers": 3
      }
    },
    {
      "framework": "PyTorch",
      "population_size": 512,
      "mean_time_ms": 36.45374220330268,
      "std_time_ms": 8.749834126999188,
      "min_time_ms": 28.143673960585147,
      "max_time_ms": 62.87127797259018,
      "throughput_samples_per_sec": 14045.197256966752,
      "total_params": 6291456,
      "config": {
        "population_sizes": [
          32,
          64,
          128,
          256,
          512
        ],
        "input_dim": 512,
        "hidden_dim": 2048,
        "output_dim": 512,
        "batch_size": 1,
        "rank": 4,
        "sigma": 0.1,
        "seed": 42,
        "warmup_iters": 10,
        "bench_iters": 50,
        "num_layers": 3
      }
    }
  ]
}