{
  "timestamp": "2025-12-28 15:53:02",
  "results": [
    {
      "framework": "JAX",
      "population_size": 32,
      "mean_time_ms": 1.2636700016446412,
      "std_time_ms": 0.28979744969596277,
      "min_time_ms": 0.26167300529778004,
      "max_time_ms": 1.7953119822777808,
      "throughput_samples_per_sec": 25323.0669069873,
      "total_params": 6291456,
      "config": {
        "population_sizes": [
          32,
          64,
          128,
          256,
          512,
          1024,
          2048
        ],
        "input_dim": 512,
        "hidden_dim": 2048,
        "output_dim": 512,
        "batch_size": 1,
        "rank": 4,
        "sigma": 0.1,
        "seed": 42,
        "warmup_iters": 10,
        "bench_iters": 50,
        "num_layers": 3
      }
    },
    {
      "framework": "PyTorch",
      "population_size": 32,
      "mean_time_ms": 5.0993642408866435,
      "std_time_ms": 1.8062682835532446,
      "min_time_ms": 0.521919981110841,
      "max_time_ms": 8.47671995870769,
      "throughput_samples_per_sec": 6275.292073357767,
      "total_params": 6291456,
      "config": {
        "population_sizes": [
          32,
          64,
          128,
          256,
          512,
          1024,
          2048
        ],
        "input_dim": 512,
        "hidden_dim": 2048,
        "output_dim": 512,
        "batch_size": 1,
        "rank": 4,
        "sigma": 0.1,
        "seed": 42,
        "warmup_iters": 10,
        "bench_iters": 50,
        "num_layers": 3
      }
    },
    {
      "framework": "JAX",
      "population_size": 64,
      "mean_time_ms": 1.3071953225880861,
      "std_time_ms": 0.11447043392400871,
      "min_time_ms": 1.1037539807148278,
      "max_time_ms": 1.7558959661982954,
      "throughput_samples_per_sec": 48959.783510614056,
      "total_params": 6291456,
      "config": {
        "population_sizes": [
          32,
          64,
          128,
          256,
          512,
          1024,
          2048
        ],
        "input_dim": 512,
        "hidden_dim": 2048,
        "output_dim": 512,
        "batch_size": 1,
        "rank": 4,
        "sigma": 0.1,
        "seed": 42,
        "warmup_iters": 10,
        "bench_iters": 50,
        "num_layers": 3
      }
    },
    {
      "framework": "PyTorch",
      "population_size": 64,
      "mean_time_ms": 2.4351905996445566,
      "std_time_ms": 0.4756268416307501,
      "min_time_ms": 2.0422270172275603,
      "max_time_ms": 3.7129039992578328,
      "throughput_samples_per_sec": 26281.31038668658,
      "total_params": 6291456,
      "config": {
        "population_sizes": [
          32,
          64,
          128,
          256,
          512,
          1024,
          2048
        ],
        "input_dim": 512,
        "hidden_dim": 2048,
        "output_dim": 512,
        "batch_size": 1,
        "rank": 4,
        "sigma": 0.1,
        "seed": 42,
        "warmup_iters": 10,
        "bench_iters": 50,
        "num_layers": 3
      }
    },
    {
      "framework": "JAX",
      "population_size": 128,
      "mean_time_ms": 2.698120240820572,
      "std_time_ms": 1.0736502696751156,
      "min_time_ms": 1.1395559995435178,
      "max_time_ms": 6.409196008462459,
      "throughput_samples_per_sec": 47440.435775787264,
      "total_params": 6291456,
      "config": {
        "population_sizes": [
          32,
          64,
          128,
          256,
          512,
          1024,
          2048
        ],
        "input_dim": 512,
        "hidden_dim": 2048,
        "output_dim": 512,
        "batch_size": 1,
        "rank": 4,
        "sigma": 0.1,
        "seed": 42,
        "warmup_iters": 10,
        "bench_iters": 50,
        "num_layers": 3
      }
    },
    {
      "framework": "PyTorch",
      "population_size": 128,
      "mean_time_ms": 2.1762893174309283,
      "std_time_ms": 2.42994076575591,
      "min_time_ms": 1.495137985330075,
      "max_time_ms": 14.226779981981963,
      "throughput_samples_per_sec": 58815.70937043507,
      "total_params": 6291456,
      "config": {
        "population_sizes": [
          32,
          64,
          128,
          256,
          512,
          1024,
          2048
        ],
        "input_dim": 512,
        "hidden_dim": 2048,
        "output_dim": 512,
        "batch_size": 1,
        "rank": 4,
        "sigma": 0.1,
        "seed": 42,
        "warmup_iters": 10,
        "bench_iters": 50,
        "num_layers": 3
      }
    },
    {
      "framework": "JAX",
      "population_size": 256,
      "mean_time_ms": 1.3070620398502797,
      "std_time_ms": 0.26350380170308624,
      "min_time_ms": 1.1178210261277854,
      "max_time_ms": 2.3252369719557464,
      "throughput_samples_per_sec": 195859.1040019218,
      "total_params": 6291456,
      "config": {
        "population_sizes": [
          32,
          64,
          128,
          256,
          512,
          1024,
          2048
        ],
        "input_dim": 512,
        "hidden_dim": 2048,
        "output_dim": 512,
        "batch_size": 1,
        "rank": 4,
        "sigma": 0.1,
        "seed": 42,
        "warmup_iters": 10,
        "bench_iters": 50,
        "num_layers": 3
      }
    },
    {
      "framework": "PyTorch",
      "population_size": 256,
      "mean_time_ms": 5.112116942182183,
      "std_time_ms": 1.7520664368767218,
      "min_time_ms": 2.5993590243160725,
      "max_time_ms": 9.707108023576438,
      "throughput_samples_per_sec": 50077.10169687992,
      "total_params": 6291456,
      "config": {
        "population_sizes": [
          32,
          64,
          128,
          256,
          512,
          1024,
          2048
        ],
        "input_dim": 512,
        "hidden_dim": 2048,
        "output_dim": 512,
        "batch_size": 1,
        "rank": 4,
        "sigma": 0.1,
        "seed": 42,
        "warmup_iters": 10,
        "bench_iters": 50,
        "num_layers": 3
      }
    },
    {
      "framework": "JAX",
      "population_size": 512,
      "mean_time_ms": 1.3113661017268896,
      "std_time_ms": 0.303784937411018,
      "min_time_ms": 1.1294789728708565,
      "max_time_ms": 2.4863919825293124,
      "throughput_samples_per_sec": 390432.5415501942,
      "total_params": 6291456,
      "config": {
        "population_sizes": [
          32,
          64,
          128,
          256,
          512,
          1024,
          2048
        ],
        "input_dim": 512,
        "hidden_dim": 2048,
        "output_dim": 512,
        "batch_size": 1,
        "rank": 4,
        "sigma": 0.1,
        "seed": 42,
        "warmup_iters": 10,
        "bench_iters": 50,
        "num_layers": 3
      }
    },
    {
      "framework": "PyTorch",
      "population_size": 512,
      "mean_time_ms": 6.753708802862093,
      "std_time_ms": 2.6225087703359846,
      "min_time_ms": 4.961165017448366,
      "max_time_ms": 12.641629029531032,
      "throughput_samples_per_sec": 75810.19776615543,
      "total_params": 6291456,
      "config": {
        "population_sizes": [
          32,
          64,
          128,
          256,
          512,
          1024,
          2048
        ],
        "input_dim": 512,
        "hidden_dim": 2048,
        "output_dim": 512,
        "batch_size": 1,
        "rank": 4,
        "sigma": 0.1,
        "seed": 42,
        "warmup_iters": 10,
        "bench_iters": 50,
        "num_layers": 3
      }
    },
    {
      "framework": "JAX",
      "population_size": 1024,
      "mean_time_ms": 2.452005341183394,
      "std_time_ms": 0.4894413336390849,
      "min_time_ms": 2.170657040551305,
      "max_time_ms": 4.548530967440456,
      "throughput_samples_per_sec": 417617.36110484734,
      "total_params": 6291456,
      "config": {
        "population_sizes": [
          32,
          64,
          128,
          256,
          512,
          1024,
          2048
        ],
        "input_dim": 512,
        "hidden_dim": 2048,
        "output_dim": 512,