{
  "timestamp": "2025-12-28 15:44:05",
  "results": [
    {
      "framework": "JAX",
      "population_size": 32,
      "mean_time_ms": 1.2813722575083375,
      "std_time_ms": 0.15598118995041105,
      "min_time_ms": 1.1075959773734212,
      "max_time_ms": 2.2259539691731334,
      "throughput_samples_per_sec": 24973.22679845188,
      "total_params": 6291456,
      "config": {
        "population_sizes": [
          32,
          64,
          128,
          256,
          512,
          1024,
          2048
        ],
        "input_dim": 512,
        "hidden_dim": 2048,
        "output_dim": 512,
        "batch_size": 1,
        "rank": 4,
        "sigma": 0.1,
        "seed": 42,
        "warmup_iters": 10,
        "bench_iters": 50,
        "num_layers": 3
      }
    },
    {
      "framework": "JAX",
      "population_size": 64,
      "mean_time_ms": 1.3081513193901628,
      "std_time_ms": 0.32092503975156444,
      "min_time_ms": 1.1228100047446787,
      "max_time_ms": 2.617324993479997,
      "throughput_samples_per_sec": 48924.00370764116,
      "total_params": 6291456,
      "config": {
        "population_sizes": [
          32,
          64,
          128,
          256,
          512,
          1024,
          2048
        ],
        "input_dim": 512,
        "hidden_dim": 2048,
        "output_dim": 512,
        "batch_size": 1,
        "rank": 4,
        "sigma": 0.1,
        "seed": 42,
        "warmup_iters": 10,
        "bench_iters": 50,
        "num_layers": 3
      }
    },
    {
      "framework": "JAX",
      "population_size": 128,
      "mean_time_ms": 2.5637899397406727,
      "std_time_ms": 0.9864377722702772,
      "min_time_ms": 1.1912519694305956,
      "max_time_ms": 5.483989953063428,
      "throughput_samples_per_sec": 49926.08716334506,
      "total_params": 6291456,
      "config": {
        "population_sizes": [
          32,
          64,
          128,
          256,
          512,
          1024,
          2048
        ],
        "input_dim": 512,
        "hidden_dim": 2048,
        "output_dim": 512,
        "batch_size": 1,
        "rank": 4,
        "sigma": 0.1,
        "seed": 42,
        "warmup_iters": 10,
        "bench_iters": 50,
        "num_layers": 3
      }
    },
    {
      "framework": "JAX",
      "population_size": 256,
      "mean_time_ms": 2.827168699586764,
      "std_time_ms": 1.309475577646878,
      "min_time_ms": 2.15559802018106,
      "max_time_ms": 8.417179982643574,
      "throughput_samples_per_sec": 90549.95552172691,
      "total_params": 6291456,
      "config": {
        "population_sizes": [
          32,
          64,
          128,
          256,
          512,
          1024,
          2048
        ],
        "input_dim": 512,
        "hidden_dim": 2048,
        "output_dim": 512,
        "batch_size": 1,
        "rank": 4,
        "sigma": 0.1,
        "seed": 42,
        "warmup_iters": 10,
        "bench_iters": 50,
        "num_layers": 3
      }
    },
    {
      "framework": "JAX",
      "population_size": 512,
      "mean_time_ms": 2.84996525850147,
      "std_time_ms": 1.1133097064400048,
      "min_time_ms": 2.2073989966884255,
      "max_time_ms": 6.721288023982197,
      "throughput_samples_per_sec": 179651.3127564274,
      "total_params": 6291456,
      "config": {
        "population_sizes": [
          32,
          64,
          128,
          256,
          512,
          1024,
          2048
        ],
        "input_dim": 512,
        "hidden_dim": 2048,
        "output_dim": 512,
        "batch_size": 1,
        "rank": 4,
        "sigma": 0.1,
        "seed": 42,
        "warmup_iters": 10,
        "bench_iters": 50,
        "num_layers": 3
      }
    },
    {
      "framework": "JAX",
      "population_size": 1024,
      "mean_time_ms": 3.040478500770405,
      "std_time_ms": 1.2550879991166848,
      "min_time_ms": 2.214994980022311,
      "max_time_ms": 6.6573889926075935,
      "throughput_samples_per_sec": 336789.09413124813,
      "total_params": 6291456,
      "config": {
        "population_sizes": [
          32,
          64,
          128,
          256,
          512,
          1024,
          2048
        ],
        "input_dim": 512,
        "hidden_dim": 2048,
        "output_dim": 512,
        "batch_size": 1,
        "rank": 4,
        "sigma": 0.1,
        "seed": 42,
        "warmup_iters": 10,
        "bench_iters": 50,
        "num_layers": 3
      }
    },
    {
      "framework": "JAX",
      "population_size": 2048,
      "mean_time_ms": 4.428203562274575,
      "std_time_ms": 1.2322085606897275,
      "min_time_ms": 3.2539910171180964,
      "max_time_ms": 8.521064999513328,
      "throughput_samples_per_sec": 462490.0303697944,
      "total_params": 6291456,
      "config": {
        "population_sizes": [
          32,
          64,
          128,
          256,
          512,
          1024,
          2048
        ],
        "input_dim": 512,
        "hidden_dim": 2048,
        "output_dim": 512,
        "batch_size": 1,
        "rank": 4,
        "sigma": 0.1,
        "seed": 42,
        "warmup_iters": 10,
        "bench_iters": 50,
        "num_layers": 3
      }
    }
  ]
}