{
  "timestamp": "2025-12-28 16:04:21",
  "results": [
    {
      "framework": "JAX",
      "population_size": 32,
      "mean_time_ms": 1.3077313581015915,
      "std_time_ms": 0.1451510673922529,
      "min_time_ms": 0.6781310075893998,
      "max_time_ms": 1.8805729923769832,
      "throughput_samples_per_sec": 24469.857514508014,
      "total_params": 6291456,
      "config": {
        "population_sizes": [
          32,
          64,
          128,
          256,
          512,
          1024,
          2048
        ],
        "input_dim": 512,
        "hidden_dim": 2048,
        "output_dim": 512,
        "batch_size": 1,
        "rank": 4,
        "sigma": 0.1,
        "seed": 42,
        "warmup_iters": 10,
        "bench_iters": 50,
        "num_layers": 3
      }
    },
    {
      "framework": "PyTorch",
      "population_size": 32,
      "mean_time_ms": 1.262693761382252,
      "std_time_ms": 0.2221233119637653,
      "min_time_ms": 1.041067996993661,
      "max_time_ms": 1.9905620138160884,
      "throughput_samples_per_sec": 25342.64520715623,
      "total_params": 6291456,
      "config": {
        "population_sizes": [
          32,
          64,
          128,
          256,
          512,
          1024,
          2048
        ],
        "input_dim": 512,
        "hidden_dim": 2048,
        "output_dim": 512,
        "batch_size": 1,
        "rank": 4,
        "sigma": 0.1,
        "seed": 42,
        "warmup_iters": 10,
        "bench_iters": 50,
        "num_layers": 3
      }
    },
    {
      "framework": "JAX",
      "population_size": 64,
      "mean_time_ms": 1.3106263615190983,
      "std_time_ms": 0.34827038421121087,
      "min_time_ms": 1.1514659854583442,
      "max_time_ms": 3.436969011090696,
      "throughput_samples_per_sec": 48831.6135544687,
      "total_params": 6291456,
      "config": {
        "population_sizes": [
          32,
          64,
          128,
          256,
          512,
          1024,
          2048
        ],
        "input_dim": 512,
        "hidden_dim": 2048,
        "output_dim": 512,
        "batch_size": 1,
        "rank": 4,
        "sigma": 0.1,
        "seed": 42,
        "warmup_iters": 10,
        "bench_iters": 50,
        "num_layers": 3
      }
    },
    {
      "framework": "PyTorch",
      "population_size": 64,
      "mean_time_ms": 1.5226961788721383,
      "std_time_ms": 0.624814499337773,
      "min_time_ms": 1.1749779805541039,
      "max_time_ms": 3.5277970018796623,
      "throughput_samples_per_sec": 42030.70900683867,
      "total_params": 6291456,
      "config": {
        "population_sizes": [
          32,
          64,
          128,
          256,
          512,
          1024,
          2048
        ],
        "input_dim": 512,
        "hidden_dim": 2048,
        "output_dim": 512,
        "batch_size": 1,
        "rank": 4,
        "sigma": 0.1,
        "seed": 42,
        "warmup_iters": 10,
        "bench_iters": 50,
        "num_layers": 3
      }
    },
    {
      "framework": "JAX",
      "population_size": 128,
      "mean_time_ms": 2.8206481982488185,
      "std_time_ms": 1.1415645644864973,
      "min_time_ms": 1.2395710218697786,
      "max_time_ms": 5.816845980007201,
      "throughput_samples_per_sec": 45379.64006977828,
      "total_params": 6291456,
      "config": {
        "population_sizes": [
          32,
          64,
          128,
          256,
          512,
          1024,
          2048
        ],
        "input_dim": 512,
        "hidden_dim": 2048,
        "output_dim": 512,
        "batch_size": 1,
        "rank": 4,
        "sigma": 0.1,
        "seed": 42,
        "warmup_iters": 10,
        "bench_iters": 50,
        "num_layers": 3
      }
    },
    {
      "framework": "PyTorch",
      "population_size": 128,
      "mean_time_ms": 2.464369130320847,
      "std_time_ms": 1.2432076695670606,
      "min_time_ms": 1.4778090408071876,
      "max_time_ms": 6.322091969195753,
      "throughput_samples_per_sec": 51940.27080810541,
      "total_params": 6291456,
      "config": {
        "population_sizes": [
          32,
          64,
          128,
          256,
          512,
          1024,
          2048
        ],
        "input_dim": 512,
        "hidden_dim": 2048,
        "output_dim": 512,
        "batch_size": 1,
        "rank": 4,
        "sigma": 0.1,
        "seed": 42,
        "warmup_iters": 10,
        "bench_iters": 50,
        "num_layers": 3
      }
    },
    {
      "framework": "JAX",
      "population_size": 256,
      "mean_time_ms": 2.976339963497594,
      "std_time_ms": 1.3858538377055294,
      "min_time_ms": 1.2565359938889742,
      "max_time_ms": 7.223671011161059,
      "throughput_samples_per_sec": 86011.67982812221,
      "total_params": 6291456,
      "config": {
        "population_sizes": [
          32,
          64,
          128,
          256,
          512,
          1024,
          2048
        ],
        "input_dim": 512,
        "hidden_dim": 2048,
        "output_dim": 512,
        "batch_size": 1,
        "rank": 4,
        "sigma": 0.1,
        "seed": 42,
        "warmup_iters": 10,
        "bench_iters": 50,
        "num_layers": 3
      }
    },
    {
      "framework": "PyTorch",
      "population_size": 256,
      "mean_time_ms": 3.43216793728061,
      "std_time_ms": 2.795633792019819,
      "min_time_ms": 1.0349059593863785,
      "max_time_ms": 9.551297989673913,
      "throughput_samples_per_sec": 74588.42477353687,
      "total_params": 6291456,
      "config": {
        "population_sizes": [
          32,
          64,
          128,
          256,
          512,
          1024,
          2048
        ],
        "input_dim": 512,
        "hidden_dim": 2048,
        "output_dim": 512,
        "batch_size": 1,
        "rank": 4,
        "sigma": 0.1,
        "seed": 42,
        "warmup_iters": 10,
        "bench_iters": 50,
        "num_layers": 3
      }
    },
    {
      "framework": "JAX",
      "population_size": 512,
      "mean_time_ms": 1.4518147835042328,
      "std_time_ms": 0.4671067481133306,
      "min_time_ms": 1.1512420023791492,
      "max_time_ms": 3.261698002461344,
      "throughput_samples_per_sec": 352662.0653112445,
      "total_params": 6291456,
      "config": {
        "population_sizes": [
          32,
          64,
          128,
          256,
          512,
          1024,
          2048
        ],
        "input_dim": 512,
        "hidden_dim": 2048,
        "output_dim": 512,
        "batch_size": 1,
        "rank": 4,
        "sigma": 0.1,
        "seed": 42,
        "warmup_iters": 10,
        "bench_iters": 50,
        "num_layers": 3
      }
    },
    {
      "framework": "PyTorch",
      "population_size": 512,
      "mean_time_ms": 3.9995749201625586,
      "std_time_ms": 2.0286289700654447,
      "min_time_ms": 1.7393489833921194,
      "max_time_ms": 8.263847965281457,
      "throughput_samples_per_sec": 128013.6040004947,
      "total_params": 6291456,
      "config": {
        "population_sizes": [
          32,
          64,
          128,
          256,
          512,
          1024,
          2048
        ],
        "input_dim": 512,
        "hidden_dim": 2048,
        "output_dim": 512,
        "batch_size": 1,
        "rank": 4,
        "sigma": 0.1,
        "seed": 42,
        "warmup_iters": 10,
        "bench_iters": 50,
        "num_layers": 3
      }
    },
    {
      "framework": "JAX",
      "population_size": 1024,
      "mean_time_ms": 2.3251855198759586,
      "std_time_ms": 0.2742399633559922,
      "min_time_ms": 1.4442149549722672,
      "max_time_ms": 3.556158975698054,
      "throughput_samples_per_sec": 440394.96687327867,
      "total_params": 6291456,
      "config": {
        "population_sizes": [
          32,
          64,
          128,
          256,
          512,
          1024,
          2048
        ],
        "input_dim": 512,
        "hidden_dim": 2048,
        "output_dim": 512,