{
  "timestamp": "2025-12-28 16:11:57",
  "results": [
    {
      "framework": "JAX",
      "population_size": 32,
      "mean_time_ms": 1.0829946014564484,
      "std_time_ms": 0.35292281132627973,
      "min_time_ms": 0.2093009534291923,
      "max_time_ms": 1.4843789977021515,
      "throughput_samples_per_sec": 29547.700382776886,
      "total_params": 6291456,
      "config": {
        "population_sizes": [
          32,
          64,
          128,
          256,
          512,
          1024,
          2048
        ],
        "input_dim": 512,
        "hidden_dim": 2048,
        "output_dim": 512,
        "batch_size": 1,
        "rank": 4,
        "sigma": 0.1,
        "seed": 42,
        "warmup_iters": 10,
        "bench_iters": 50,
        "num_layers": 3
      }
    },
    {
      "framework": "PyTorch",
      "population_size": 32,
      "mean_time_ms": 1.6219024360179901,
      "std_time_ms": 0.47820079427910017,
      "min_time_ms": 1.0728900087997317,
      "max_time_ms": 2.4908370105549693,
      "throughput_samples_per_sec": 19729.916725795618,
      "total_params": 6291456,
      "config": {
        "population_sizes": [
          32,
          64,
          128,
          256,
          512,
          1024,
          2048
        ],
        "input_dim": 512,
        "hidden_dim": 2048,
        "output_dim": 512,
        "batch_size": 1,
        "rank": 4,
        "sigma": 0.1,
        "seed": 42,
        "warmup_iters": 10,
        "bench_iters": 50,
        "num_layers": 3
      }
    },
    {
      "framework": "JAX",
      "population_size": 64,
      "mean_time_ms": 1.2528223963454366,
      "std_time_ms": 0.18938181662871972,
      "min_time_ms": 1.1124860029667616,
      "max_time_ms": 2.491499006282538,
      "throughput_samples_per_sec": 51084.655084944294,
      "total_params": 6291456,
      "config": {
        "population_sizes": [
          32,
          64,
          128,
          256,
          512,
          1024,
          2048
        ],
        "input_dim": 512,
        "hidden_dim": 2048,
        "output_dim": 512,
        "batch_size": 1,
        "rank": 4,
        "sigma": 0.1,
        "seed": 42,
        "warmup_iters": 10,
        "bench_iters": 50,
        "num_layers": 3
      }
    },
    {
      "framework": "PyTorch",
      "population_size": 64,
      "mean_time_ms": 1.596065554767847,
      "std_time_ms": 0.6490473895154818,
      "min_time_ms": 1.2206810060888529,
      "max_time_ms": 3.737972001545131,
      "throughput_samples_per_sec": 40098.60359984337,
      "total_params": 6291456,
      "config": {
        "population_sizes": [
          32,
          64,
          128,
          256,
          512,
          1024,
          2048
        ],
        "input_dim": 512,
        "hidden_dim": 2048,
        "output_dim": 512,
        "batch_size": 1,
        "rank": 4,
        "sigma": 0.1,
        "seed": 42,
        "warmup_iters": 10,
        "bench_iters": 50,
        "num_layers": 3
      }
    },
    {
      "framework": "JAX",
      "population_size": 128,
      "mean_time_ms": 2.714470581850037,
      "std_time_ms": 1.067689962823274,
      "min_time_ms": 1.1896249488927424,
      "max_time_ms": 5.511034047231078,
      "throughput_samples_per_sec": 47154.68307369244,
      "total_params": 6291456,
      "config": {
        "population_sizes": [
          32,
          64,
          128,
          256,
          512,
          1024,
          2048
        ],
        "input_dim": 512,
        "hidden_dim": 2048,
        "output_dim": 512,
        "batch_size": 1,
        "rank": 4,
        "sigma": 0.1,
        "seed": 42,
        "warmup_iters": 10,
        "bench_iters": 50,
        "num_layers": 3
      }
    },
    {
      "framework": "PyTorch",
      "population_size": 128,
      "mean_time_ms": 2.8839485393837094,
      "std_time_ms": 1.6203939157079044,
      "min_time_ms": 1.1750070261768997,
      "max_time_ms": 7.576342031825334,
      "throughput_samples_per_sec": 44383.59362242753,
      "total_params": 6291456,
      "config": {
        "population_sizes": [
          32,
          64,
          128,
          256,
          512,
          1024,
          2048
        ],
        "input_dim": 512,
        "hidden_dim": 2048,
        "output_dim": 512,
        "batch_size": 1,
        "rank": 4,
        "sigma": 0.1,
        "seed": 42,
        "warmup_iters": 10,
        "bench_iters": 50,
        "num_layers": 3
      }
    },
    {
      "framework": "JAX",
      "population_size": 256,
      "mean_time_ms": 1.4252423227299005,
      "std_time_ms": 0.3341613561542223,
      "min_time_ms": 1.125115028116852,
      "max_time_ms": 2.697447023820132,
      "throughput_samples_per_sec": 179618.57848120813,
      "total_params": 6291456,
      "config": {
        "population_sizes": [
          32,
          64,
          128,
          256,
          512,
          1024,
          2048
        ],
        "input_dim": 512,
        "hidden_dim": 2048,
        "output_dim": 512,
        "batch_size": 1,
        "rank": 4,
        "sigma": 0.1,
        "seed": 42,
        "warmup_iters": 10,
        "bench_iters": 50,
        "num_layers": 3
      }
    },
    {
      "framework": "PyTorch",
      "population_size": 256,
      "mean_time_ms": 3.2757402770221233,
      "std_time_ms": 0.8036315649754061,
      "min_time_ms": 2.330193994566798,
      "max_time_ms": 5.417108011897653,
      "throughput_samples_per_sec": 78150.27393829949,
      "total_params": 6291456,
      "config": {
        "population_sizes": [
          32,
          64,
          128,
          256,
          512,
          1024,
          2048
        ],
        "input_dim": 512,
        "hidden_dim": 2048,
        "output_dim": 512,
        "batch_size": 1,
        "rank": 4,
        "sigma": 0.1,
        "seed": 42,
        "warmup_iters": 10,
        "bench_iters": 50,
        "num_layers": 3
      }
    },
    {
      "framework": "JAX",
      "population_size": 512,
      "mean_time_ms": 3.6670566024258733,
      "std_time_ms": 1.717473648684035,
      "min_time_ms": 1.3549320283345878,
      "max_time_ms": 8.38783400831744,
      "throughput_samples_per_sec": 139621.51543046703,
      "total_params": 6291456,
      "config": {
        "population_sizes": [
          32,
          64,
          128,
          256,
          512,
          1024,
          2048
        ],
        "input_dim": 512,
        "hidden_dim": 2048,
        "output_dim": 512,
        "batch_size": 1,
        "rank": 4,
        "sigma": 0.1,
        "seed": 42,
        "warmup_iters": 10,
        "bench_iters": 50,
        "num_layers": 3
      }
    },
    {
      "framework": "PyTorch",
      "population_size": 512,
      "mean_time_ms": 1.63061308208853,
      "std_time_ms": 0.46780435930690545,
      "min_time_ms": 1.192975032608956,
      "max_time_ms": 2.7156449505127966,
      "throughput_samples_per_sec": 313992.32940301055,
      "total_params": 6291456,
      "config": {
        "population_sizes": [
          32,
          64,
          128,
          256,
          512,
          1024,
          2048
        ],
        "input_dim": 512,
        "hidden_dim": 2048,
        "output_dim": 512,
        "batch_size": 1,
        "rank": 4,
        "sigma": 0.1,
        "seed": 42,
        "warmup_iters": 10,
        "bench_iters": 50,
        "num_layers": 3
      }
    },
    {
      "framework": "JAX",
      "population_size": 1024,
      "mean_time_ms": 2.4568202649243176,
      "std_time_ms": 0.5126865551939198,
      "min_time_ms": 2.1418549586087465,
      "max_time_ms": 5.218954000156373,
      "throughput_samples_per_sec": 416798.9065457926,
      "total_params": 6291456,
      "config": {
        "population_sizes": [
          32,
          64,
          128,
          256,
          512,
          1024,
          2048
        ],
        "input_dim": 512,
        "hidden_dim": 2048,
        "output_dim": 512,