{
  "timestamp": "2025-12-28 16:14:59",
  "results": [
    {
      "framework": "JAX",
      "population_size": 32,
      "mean_time_ms": 1.2606218783184886,
      "std_time_ms": 0.09527558103508331,
      "min_time_ms": 1.1363079538568854,
      "max_time_ms": 1.5387380262836814,
      "throughput_samples_per_sec": 25384.296869957536,
      "total_params": 6291456,
      "config": {
        "population_sizes": [
          32,
          64,
          128,
          256,
          512,
          1024,
          2048
        ],
        "input_dim": 512,
        "hidden_dim": 2048,
        "output_dim": 512,
        "batch_size": 1,
        "rank": 4,
        "sigma": 0.1,
        "seed": 42,
        "warmup_iters": 10,
        "bench_iters": 50,
        "num_layers": 3
      }
    },
    {
      "framework": "PyTorch",
      "population_size": 32,
      "mean_time_ms": 1.3822159974370152,
      "std_time_ms": 0.3502150776588796,
      "min_time_ms": 1.1532650096341968,
      "max_time_ms": 3.0205220100469887,
      "throughput_samples_per_sec": 23151.229662611524,
      "total_params": 6291456,
      "config": {
        "population_sizes": [
          32,
          64,
          128,
          256,
          512,
          1024,
          2048
        ],
        "input_dim": 512,
        "hidden_dim": 2048,
        "output_dim": 512,
        "batch_size": 1,
        "rank": 4,
        "sigma": 0.1,
        "seed": 42,
        "warmup_iters": 10,
        "bench_iters": 50,
        "num_layers": 3
      }
    },
    {
      "framework": "JAX",
      "population_size": 64,
      "mean_time_ms": 1.3675618020351976,
      "std_time_ms": 0.42530293163612193,
      "min_time_ms": 1.1229939991608262,
      "max_time_ms": 3.2603000290691853,
      "throughput_samples_per_sec": 46798.61627076419,
      "total_params": 6291456,
      "config": {
        "population_sizes": [
          32,
          64,
          128,
          256,
          512,
          1024,
          2048
        ],
        "input_dim": 512,
        "hidden_dim": 2048,
        "output_dim": 512,
        "batch_size": 1,
        "rank": 4,
        "sigma": 0.1,
        "seed": 42,
        "warmup_iters": 10,
        "bench_iters": 50,
        "num_layers": 3
      }
    },
    {
      "framework": "PyTorch",
      "population_size": 64,
      "mean_time_ms": 2.18636023811996,
      "std_time_ms": 1.0569198407507476,
      "min_time_ms": 1.28625996876508,
      "max_time_ms": 5.535060015972704,
      "throughput_samples_per_sec": 29272.39477014697,
      "total_params": 6291456,
      "config": {
        "population_sizes": [
          32,
          64,
          128,
          256,
          512,
          1024,
          2048
        ],
        "input_dim": 512,
        "hidden_dim": 2048,
        "output_dim": 512,
        "batch_size": 1,
        "rank": 4,
        "sigma": 0.1,
        "seed": 42,
        "warmup_iters": 10,
        "bench_iters": 50,
        "num_layers": 3
      }
    },
    {
      "framework": "JAX",
      "population_size": 128,
      "mean_time_ms": 2.6640273875091225,
      "std_time_ms": 0.9499005277555146,
      "min_time_ms": 1.1389509891159832,
      "max_time_ms": 4.65121801244095,
      "throughput_samples_per_sec": 48047.554090530786,
      "total_params": 6291456,
      "config": {
        "population_sizes": [
          32,
          64,
          128,
          256,
          512,
          1024,
          2048
        ],
        "input_dim": 512,
        "hidden_dim": 2048,
        "output_dim": 512,
        "batch_size": 1,
        "rank": 4,
        "sigma": 0.1,
        "seed": 42,
        "warmup_iters": 10,
        "bench_iters": 50,
        "num_layers": 3
      }
    },
    {
      "framework": "PyTorch",
      "population_size": 128,
      "mean_time_ms": 3.197086377767846,
      "std_time_ms": 1.4952967273622746,
      "min_time_ms": 1.9835099810734391,
      "max_time_ms": 7.729720964562148,
      "throughput_samples_per_sec": 40036.453469038745,
      "total_params": 6291456,
      "config": {
        "population_sizes": [
          32,
          64,
          128,
          256,
          512,
          1024,
          2048
        ],
        "input_dim": 512,
        "hidden_dim": 2048,
        "output_dim": 512,
        "batch_size": 1,
        "rank": 4,
        "sigma": 0.1,
        "seed": 42,
        "warmup_iters": 10,
        "bench_iters": 50,
        "num_layers": 3
      }
    },
    {
      "framework": "JAX",
      "population_size": 256,
      "mean_time_ms": 2.8509492380544543,
      "std_time_ms": 0.9942758139090702,
      "min_time_ms": 2.2293460206128657,
      "max_time_ms": 5.671719030942768,
      "throughput_samples_per_sec": 89794.65385876165,
      "total_params": 6291456,
      "config": {
        "population_sizes": [
          32,
          64,
          128,
          256,
          512,
          1024,
          2048
        ],
        "input_dim": 512,
        "hidden_dim": 2048,
        "output_dim": 512,
        "batch_size": 1,
        "rank": 4,
        "sigma": 0.1,
        "seed": 42,
        "warmup_iters": 10,
        "bench_iters": 50,
        "num_layers": 3
      }
    },
    {
      "framework": "PyTorch",
      "population_size": 256,
      "mean_time_ms": 2.2623830824159086,
      "std_time_ms": 2.3339870949781574,
      "min_time_ms": 1.126605027820915,
      "max_time_ms": 10.100674990098923,
      "throughput_samples_per_sec": 113155.01870117763,
      "total_params": 6291456,
      "config": {
        "population_sizes": [
          32,
          64,
          128,
          256,
          512,
          1024,
          2048
        ],
        "input_dim": 512,
        "hidden_dim": 2048,
        "output_dim": 512,
        "batch_size": 1,
        "rank": 4,
        "sigma": 0.1,
        "seed": 42,
        "warmup_iters": 10,
        "bench_iters": 50,
        "num_layers": 3
      }
    },
    {
      "framework": "JAX",
      "population_size": 512,
      "mean_time_ms": 1.3072011421900243,
      "std_time_ms": 0.2999372107195206,
      "min_time_ms": 1.1312660062685609,
      "max_time_ms": 2.335253986530006,
      "throughput_samples_per_sec": 391676.52435050573,
      "total_params": 6291456,
      "config": {
        "population_sizes": [
          32,
          64,
          128,
          256,
          512,
          1024,
          2048
        ],
        "input_dim": 512,
        "hidden_dim": 2048,
        "output_dim": 512,
        "batch_size": 1,
        "rank": 4,
        "sigma": 0.1,
        "seed": 42,
        "warmup_iters": 10,
        "bench_iters": 50,
        "num_layers": 3
      }
    },
    {
      "framework": "PyTorch",
      "population_size": 512,
      "mean_time_ms": 2.9586633993312716,
      "std_time_ms": 2.5642463337284696,
      "min_time_ms": 1.2002289877273142,
      "max_time_ms": 10.167181957513094,
      "throughput_samples_per_sec": 173051.1149445808,
      "total_params": 6291456,
      "config": {
        "population_sizes": [
          32,
          64,
          128,
          256,
          512,
          1024,
          2048
        ],
        "input_dim": 512,
        "hidden_dim": 2048,
        "output_dim": 512,
        "batch_size": 1,
        "rank": 4,
        "sigma": 0.1,
        "seed": 42,
        "warmup_iters": 10,
        "bench_iters": 50,
        "num_layers": 3
      }
    },
    {
      "framework": "JAX",
      "population_size": 1024,
      "mean_time_ms": 2.461016296874732,
      "std_time_ms": 0.3247058954952383,
      "min_time_ms": 1.9248470198363066,
      "max_time_ms": 3.6498999688774347,
      "throughput_samples_per_sec": 416088.2645516762,
      "total_params": 6291456,
      "config": {
        "population_sizes": [
          32,
          64,
          128,
          256,
          512,
          1024,
          2048
        ],
        "input_dim": 512,
        "hidden_dim": 2048,
        "output_dim": 512,