{
  "timestamp": "2025-12-28 16:03:31",
  "results": [
    {
      "framework": "JAX",
      "population_size": 32,
      "mean_time_ms": 1.1279693199321628,
      "std_time_ms": 0.3747323076653773,
      "min_time_ms": 0.1681539579294622,
      "max_time_ms": 1.4946929877623916,
      "throughput_samples_per_sec": 28369.56593990031,
      "total_params": 6291456,
      "config": {
        "population_sizes": [
          32,
          64,
          128,
          256,
          512,
          1024,
          2048
        ],
        "input_dim": 512,
        "hidden_dim": 2048,
        "output_dim": 512,
        "batch_size": 1,
        "rank": 4,
        "sigma": 0.1,
        "seed": 42,
        "warmup_iters": 10,
        "bench_iters": 50,
        "num_layers": 3
      }
    },
    {
      "framework": "PyTorch",
      "population_size": 32,
      "mean_time_ms": 1.724655554862693,
      "std_time_ms": 0.5998703221389655,
      "min_time_ms": 1.0517010232433677,
      "max_time_ms": 3.427269053645432,
      "throughput_samples_per_sec": 18554.429555383107,
      "total_params": 6291456,
      "config": {
        "population_sizes": [
          32,
          64,
          128,
          256,
          512,
          1024,
          2048
        ],
        "input_dim": 512,
        "hidden_dim": 2048,
        "output_dim": 512,
        "batch_size": 1,
        "rank": 4,
        "sigma": 0.1,
        "seed": 42,
        "warmup_iters": 10,
        "bench_iters": 50,
        "num_layers": 3
      }
    },
    {
      "framework": "JAX",
      "population_size": 64,
      "mean_time_ms": 1.2581533193588257,
      "std_time_ms": 0.1963623059176713,
      "min_time_ms": 1.1003599502146244,
      "max_time_ms": 2.373149967752397,
      "throughput_samples_per_sec": 50868.20422857159,
      "total_params": 6291456,
      "config": {
        "population_sizes": [
          32,
          64,
          128,
          256,
          512,
          1024,
          2048
        ],
        "input_dim": 512,
        "hidden_dim": 2048,
        "output_dim": 512,
        "batch_size": 1,
        "rank": 4,
        "sigma": 0.1,
        "seed": 42,
        "warmup_iters": 10,
        "bench_iters": 50,
        "num_layers": 3
      }
    },
    {
      "framework": "PyTorch",
      "population_size": 64,
      "mean_time_ms": 1.6289393207989633,
      "std_time_ms": 0.6478702085010432,
      "min_time_ms": 1.1671269894577563,
      "max_time_ms": 3.5569880274124444,
      "throughput_samples_per_sec": 39289.37019496173,
      "total_params": 6291456,
      "config": {
        "population_sizes": [
          32,
          64,
          128,
          256,
          512,
          1024,
          2048
        ],
        "input_dim": 512,
        "hidden_dim": 2048,
        "output_dim": 512,
        "batch_size": 1,
        "rank": 4,
        "sigma": 0.1,
        "seed": 42,
        "warmup_iters": 10,
        "bench_iters": 50,
        "num_layers": 3
      }
    },
    {
      "framework": "JAX",
      "population_size": 128,
      "mean_time_ms": 2.5720592762809247,
      "std_time_ms": 1.0276190235619431,
      "min_time_ms": 1.2169849942438304,
      "max_time_ms": 5.60987094650045,
      "throughput_samples_per_sec": 49765.57157153933,
      "total_params": 6291456,
      "config": {
        "population_sizes": [
          32,
          64,
          128,
          256,
          512,
          1024,
          2048
        ],
        "input_dim": 512,
        "hidden_dim": 2048,
        "output_dim": 512,
        "batch_size": 1,
        "rank": 4,
        "sigma": 0.1,
        "seed": 42,
        "warmup_iters": 10,
        "bench_iters": 50,
        "num_layers": 3
      }
    },
    {
      "framework": "PyTorch",
      "population_size": 128,
      "mean_time_ms": 2.6404968230053782,
      "std_time_ms": 1.4051927289923258,
      "min_time_ms": 1.661194022744894,
      "max_time_ms": 6.919089006260037,
      "throughput_samples_per_sec": 48475.725812202305,
      "total_params": 6291456,
      "config": {
        "population_sizes": [
          32,
          64,
          128,
          256,
          512,
          1024,
          2048
        ],
        "input_dim": 512,
        "hidden_dim": 2048,
        "output_dim": 512,
        "batch_size": 1,
        "rank": 4,
        "sigma": 0.1,
        "seed": 42,
        "warmup_iters": 10,
        "bench_iters": 50,
        "num_layers": 3
      }
    },
    {
      "framework": "JAX",
      "population_size": 256,
      "mean_time_ms": 2.9864321381319314,
      "std_time_ms": 1.1508696790893367,
      "min_time_ms": 2.2045380319468677,
      "max_time_ms": 5.7090159971266985,
      "throughput_samples_per_sec": 85721.01697249104,
      "total_params": 6291456,
      "config": {
        "population_sizes": [
          32,
          64,
          128,
          256,
          512,
          1024,
          2048
        ],
        "input_dim": 512,
        "hidden_dim": 2048,
        "output_dim": 512,
        "batch_size": 1,
        "rank": 4,
        "sigma": 0.1,
        "seed": 42,
        "warmup_iters": 10,
        "bench_iters": 50,
        "num_layers": 3
      }
    },
    {
      "framework": "PyTorch",
      "population_size": 256,
      "mean_time_ms": 3.5693490982521325,
      "std_time_ms": 2.68776060859946,
      "min_time_ms": 1.0730160283856094,
      "max_time_ms": 9.597039956133813,
      "throughput_samples_per_sec": 71721.76017340533,
      "total_params": 6291456,
      "config": {
        "population_sizes": [
          32,
          64,
          128,
          256,
          512,
          1024,
          2048
        ],
        "input_dim": 512,
        "hidden_dim": 2048,
        "output_dim": 512,
        "batch_size": 1,
        "rank": 4,
        "sigma": 0.1,
        "seed": 42,
        "warmup_iters": 10,
        "bench_iters": 50,
        "num_layers": 3
      }
    },
    {
      "framework": "JAX",
      "population_size": 512,
      "mean_time_ms": 1.383422123035416,
      "std_time_ms": 0.32398353885615655,
      "min_time_ms": 1.139335974585265,
      "max_time_ms": 2.4136530118994415,
      "throughput_samples_per_sec": 370096.7271483287,
      "total_params": 6291456,
      "config": {
        "population_sizes": [
          32,
          64,
          128,
          256,
          512,
          1024,
          2048
        ],
        "input_dim": 512,
        "hidden_dim": 2048,
        "output_dim": 512,
        "batch_size": 1,
        "rank": 4,
        "sigma": 0.1,
        "seed": 42,
        "warmup_iters": 10,
        "bench_iters": 50,
        "num_layers": 3
      }
    },
    {
      "framework": "PyTorch",
      "population_size": 512,
      "mean_time_ms": 5.400140582351014,
      "std_time_ms": 1.8308461068783315,
      "min_time_ms": 1.1307100066915154,
      "max_time_ms": 8.061218017246574,
      "throughput_samples_per_sec": 94812.34649211574,
      "total_params": 6291456,
      "config": {
        "population_sizes": [
          32,
          64,
          128,
          256,
          512,
          1024,
          2048
        ],
        "input_dim": 512,
        "hidden_dim": 2048,
        "output_dim": 512,
        "batch_size": 1,
        "rank": 4,
        "sigma": 0.1,
        "seed": 42,
        "warmup_iters": 10,
        "bench_iters": 50,
        "num_layers": 3
      }
    },
    {
      "framework": "JAX",
      "population_size": 1024,
      "mean_time_ms": 2.4396269023418427,
      "std_time_ms": 0.36970468945718243,
      "min_time_ms": 1.4538330142386258,
      "max_time_ms": 3.5033539752475917,
      "throughput_samples_per_sec": 419736.3125554336,
      "total_params": 6291456,
      "config": {
        "population_sizes": [
          32,
          64,
          128,
          256,
          512,
          1024,
          2048
        ],
        "input_dim": 512,
        "hidden_dim": 2048,
        "output_dim": 512,