{
  "timestamp": "2025-12-28 16:10:23",
  "results": [
    {
      "framework": "JAX",
      "population_size": 32,
      "mean_time_ms": 1.2216626340523362,
      "std_time_ms": 0.3042027921009711,
      "min_time_ms": 0.19538699416443706,
      "max_time_ms": 1.6136839985847473,
      "throughput_samples_per_sec": 26193.810883659324,
      "total_params": 6291456,
      "config": {
        "population_sizes": [
          32,
          64,
          128,
          256,
          512,
          1024,
          2048
        ],
        "input_dim": 512,
        "hidden_dim": 2048,
        "output_dim": 512,
        "batch_size": 1,
        "rank": 4,
        "sigma": 0.1,
        "seed": 42,
        "warmup_iters": 10,
        "bench_iters": 50,
        "num_layers": 3
      }
    },
    {
      "framework": "PyTorch",
      "population_size": 32,
      "mean_time_ms": 1.2666591012384742,
      "std_time_ms": 0.19025843934127934,
      "min_time_ms": 1.1304880026727915,
      "max_time_ms": 2.0432070014066994,
      "throughput_samples_per_sec": 25263.30878506462,
      "total_params": 6291456,
      "config": {
        "population_sizes": [
          32,
          64,
          128,
          256,
          512,
          1024,
          2048
        ],
        "input_dim": 512,
        "hidden_dim": 2048,
        "output_dim": 512,
        "batch_size": 1,
        "rank": 4,
        "sigma": 0.1,
        "seed": 42,
        "warmup_iters": 10,
        "bench_iters": 50,
        "num_layers": 3
      }
    },
    {
      "framework": "JAX",
      "population_size": 64,
      "mean_time_ms": 1.386901562800631,
      "std_time_ms": 0.40022489567820596,
      "min_time_ms": 1.1493759811855853,
      "max_time_ms": 3.4805830218829215,
      "throughput_samples_per_sec": 46146.02918952806,
      "total_params": 6291456,
      "config": {
        "population_sizes": [
          32,
          64,
          128,
          256,
          512,
          1024,
          2048
        ],
        "input_dim": 512,
        "hidden_dim": 2048,
        "output_dim": 512,
        "batch_size": 1,
        "rank": 4,
        "sigma": 0.1,
        "seed": 42,
        "warmup_iters": 10,
        "bench_iters": 50,
        "num_layers": 3
      }
    },
    {
      "framework": "PyTorch",
      "population_size": 64,
      "mean_time_ms": 2.1316165884491056,
      "std_time_ms": 0.9467381847440086,
      "min_time_ms": 1.2558489688672125,
      "max_time_ms": 4.4115090277045965,
      "throughput_samples_per_sec": 30024.161168010192,
      "total_params": 6291456,
      "config": {
        "population_sizes": [
          32,
          64,
          128,
          256,
          512,
          1024,
          2048
        ],
        "input_dim": 512,
        "hidden_dim": 2048,
        "output_dim": 512,
        "batch_size": 1,
        "rank": 4,
        "sigma": 0.1,
        "seed": 42,
        "warmup_iters": 10,
        "bench_iters": 50,
        "num_layers": 3
      }
    },
    {
      "framework": "JAX",
      "population_size": 128,
      "mean_time_ms": 2.727486117510125,
      "std_time_ms": 0.964396013252607,
      "min_time_ms": 1.2088720104657114,
      "max_time_ms": 5.728791002184153,
      "throughput_samples_per_sec": 46929.66141175046,
      "total_params": 6291456,
      "config": {
        "population_sizes": [
          32,
          64,
          128,
          256,
          512,
          1024,
          2048
        ],
        "input_dim": 512,
        "hidden_dim": 2048,
        "output_dim": 512,
        "batch_size": 1,
        "rank": 4,
        "sigma": 0.1,
        "seed": 42,
        "warmup_iters": 10,
        "bench_iters": 50,
        "num_layers": 3
      }
    },
    {
      "framework": "PyTorch",
      "population_size": 128,
      "mean_time_ms": 3.3512657647952437,
      "std_time_ms": 1.447794679495832,
      "min_time_ms": 1.9127699779346585,
      "max_time_ms": 8.117682998999953,
      "throughput_samples_per_sec": 38194.52379594269,
      "total_params": 6291456,
      "config": {
        "population_sizes": [
          32,
          64,
          128,
          256,
          512,
          1024,
          2048
        ],
        "input_dim": 512,
        "hidden_dim": 2048,
        "output_dim": 512,
        "batch_size": 1,
        "rank": 4,
        "sigma": 0.1,
        "seed": 42,
        "warmup_iters": 10,
        "bench_iters": 50,
        "num_layers": 3
      }
    },
    {
      "framework": "JAX",
      "population_size": 256,
      "mean_time_ms": 2.9200589167885482,
      "std_time_ms": 1.4526691875987374,
      "min_time_ms": 1.1667240178212523,
      "max_time_ms": 6.87188096344471,
      "throughput_samples_per_sec": 87669.46397148255,
      "total_params": 6291456,
      "config": {
        "population_sizes": [
          32,
          64,
          128,
          256,
          512,
          1024,
          2048
        ],
        "input_dim": 512,
        "hidden_dim": 2048,
        "output_dim": 512,
        "batch_size": 1,
        "rank": 4,
        "sigma": 0.1,
        "seed": 42,
        "warmup_iters": 10,
        "bench_iters": 50,
        "num_layers": 3
      }
    },
    {
      "framework": "PyTorch",
      "population_size": 256,
      "mean_time_ms": 1.938581761205569,
      "std_time_ms": 2.0335969768840005,
      "min_time_ms": 1.1348309926688671,
      "max_time_ms": 9.663446980994195,
      "throughput_samples_per_sec": 132055.30203729877,
      "total_params": 6291456,
      "config": {
        "population_sizes": [
          32,
          64,
          128,
          256,
          512,
          1024,
          2048
        ],
        "input_dim": 512,
        "hidden_dim": 2048,
        "output_dim": 512,
        "batch_size": 1,
        "rank": 4,
        "sigma": 0.1,
        "seed": 42,
        "warmup_iters": 10,
        "bench_iters": 50,
        "num_layers": 3
      }
    },
    {
      "framework": "JAX",
      "population_size": 512,
      "mean_time_ms": 1.3394688605330884,
      "std_time_ms": 0.2987450704033839,
      "min_time_ms": 1.1253220145590603,
      "max_time_ms": 2.4936689878813922,
      "throughput_samples_per_sec": 382241.06217462325,
      "total_params": 6291456,
      "config": {
        "population_sizes": [
          32,
          64,
          128,
          256,
          512,
          1024,
          2048
        ],
        "input_dim": 512,
        "hidden_dim": 2048,
        "output_dim": 512,
        "batch_size": 1,
        "rank": 4,
        "sigma": 0.1,
        "seed": 42,
        "warmup_iters": 10,
        "bench_iters": 50,
        "num_layers": 3
      }
    },
    {
      "framework": "PyTorch",
      "population_size": 512,
      "mean_time_ms": 2.0258184405975044,
      "std_time_ms": 0.4114411976066485,
      "min_time_ms": 1.6658789827488363,
      "max_time_ms": 3.328808001242578,
      "throughput_samples_per_sec": 252737.35777081206,
      "total_params": 6291456,
      "config": {
        "population_sizes": [
          32,
          64,
          128,
          256,
          512,
          1024,
          2048
        ],
        "input_dim": 512,
        "hidden_dim": 2048,
        "output_dim": 512,
        "batch_size": 1,
        "rank": 4,
        "sigma": 0.1,
        "seed": 42,
        "warmup_iters": 10,
        "bench_iters": 50,
        "num_layers": 3
      }
    },
    {
      "framework": "JAX",
      "population_size": 1024,
      "mean_time_ms": 2.756043962435797,
      "std_time_ms": 0.77573835695479,
      "min_time_ms": 2.1463410230353475,
      "max_time_ms": 5.367678008042276,
      "throughput_samples_per_sec": 371547.04858009116,
      "total_params": 6291456,
      "config": {
        "population_sizes": [
          32,
          64,
          128,
          256,
          512,
          1024,
          2048
        ],
        "input_dim": 512,
        "hidden_dim": 2048,
        "output_dim": 512,