{
  "timestamp": "2025-12-30 19:28:26",
  "results": [
    {
      "framework": "JAX",
      "population_size": 32,
      "mean_time_ms": 1.201788445468992,
      "std_time_ms": 0.29698986920377984,
      "min_time_ms": 0.19284896552562714,
      "max_time_ms": 1.4969389885663986,
      "throughput_samples_per_sec": 26626.982578046136,
      "total_params": 6291456,
      "config": {
        "population_sizes": [
          32,
          64,
          128,
          256,
          512,
          1024,
          2048
        ],
        "input_dim": 512,
        "hidden_dim": 2048,
        "output_dim": 512,
        "batch_size": 1,
        "rank": 4,
        "sigma": 0.1,
        "seed": 42,
        "warmup_iters": 10,
        "bench_iters": 50,
        "num_layers": 3
      }
    },
    {
      "framework": "JAX",
      "population_size": 64,
      "mean_time_ms": 1.319298327434808,
      "std_time_ms": 0.21907969461290905,
      "min_time_ms": 1.1674669804051518,
      "max_time_ms": 2.3313299752771854,
      "throughput_samples_per_sec": 48510.63528932011,
      "total_params": 6291456,
      "config": {
        "population_sizes": [
          32,
          64,
          128,
          256,
          512,
          1024,
          2048
        ],
        "input_dim": 512,
        "hidden_dim": 2048,
        "output_dim": 512,
        "batch_size": 1,
        "rank": 4,
        "sigma": 0.1,
        "seed": 42,
        "warmup_iters": 10,
        "bench_iters": 50,
        "num_layers": 3
      }
    },
    {
      "framework": "JAX",
      "population_size": 128,
      "mean_time_ms": 1.333911893889308,
      "std_time_ms": 0.11333403583025047,
      "min_time_ms": 1.1939230607822537,
      "max_time_ms": 1.7825459362939,
      "throughput_samples_per_sec": 95958.361707675,
      "total_params": 6291456,
      "config": {
        "population_sizes": [
          32,
          64,
          128,
          256,
          512,
          1024,
          2048
        ],
        "input_dim": 512,
        "hidden_dim": 2048,
        "output_dim": 512,
        "batch_size": 1,
        "rank": 4,
        "sigma": 0.1,
        "seed": 42,
        "warmup_iters": 10,
        "bench_iters": 50,
        "num_layers": 3
      }
    },
    {
      "framework": "JAX",
      "population_size": 256,
      "mean_time_ms": 1.3520598551258445,
      "std_time_ms": 0.07932399845005035,
      "min_time_ms": 1.2065429473295808,
      "max_time_ms": 1.6045249067246914,
      "throughput_samples_per_sec": 189340.7300198056,
      "total_params": 6291456,
      "config": {
        "population_sizes": [
          32,
          64,
          128,
          256,
          512,
          1024,
          2048
        ],
        "input_dim": 512,
        "hidden_dim": 2048,
        "output_dim": 512,
        "batch_size": 1,
        "rank": 4,
        "sigma": 0.1,
        "seed": 42,
        "warmup_iters": 10,
        "bench_iters": 50,
        "num_layers": 3
      }
    },
    {
      "framework": "JAX",
      "population_size": 512,
      "mean_time_ms": 3.161740319337696,
      "std_time_ms": 1.2357415343878835,
      "min_time_ms": 2.3314759600907564,
      "max_time_ms": 8.0071339616552,
      "throughput_samples_per_sec": 161936.13272681768,
      "total_params": 6291456,
      "config": {
        "population_sizes": [
          32,
          64,
          128,
          256,
          512,
          1024,
          2048
        ],
        "input_dim": 512,
        "hidden_dim": 2048,
        "output_dim": 512,
        "batch_size": 1,
        "rank": 4,
        "sigma": 0.1,
        "seed": 42,
        "warmup_iters": 10,
        "bench_iters": 50,
        "num_layers": 3
      }
    },
    {
      "framework": "JAX",
      "population_size": 1024,
      "mean_time_ms": 1.7523404443636537,
      "std_time_ms": 1.0557928651206914,
      "min_time_ms": 1.1879169614985585,
      "max_time_ms": 5.749079049564898,
      "throughput_samples_per_sec": 584361.3341766223,
      "total_params": 6291456,
      "config": {
        "population_sizes": [
          32,
          64,
          128,
          256,
          512,
          1024,
          2048
        ],
        "input_dim": 512,
        "hidden_dim": 2048,
        "output_dim": 512,
        "batch_size": 1,
        "rank": 4,
        "sigma": 0.1,
        "seed": 42,
        "warmup_iters": 10,
        "bench_iters": 50,
        "num_layers": 3
      }
    },
    {
      "framework": "JAX",
      "population_size": 2048,
      "mean_time_ms": 1.3283685152418911,
      "std_time_ms": 0.07623733799295679,
      "min_time_ms": 1.141148037277162,
      "max_time_ms": 1.5325460117310286,
      "throughput_samples_per_sec": 1541740.8471376381,
      "total_params": 6291456,
      "config": {
        "population_sizes": [
          32,
          64,
          128,
          256,
          512,
          1024,
          2048
        ],
        "input_dim": 512,
        "hidden_dim": 2048,
        "output_dim": 512,
        "batch_size": 1,
        "rank": 4,
        "sigma": 0.1,
        "seed": 42,
        "warmup_iters": 10,
        "bench_iters": 50,
        "num_layers": 3
      }
    },
    {
      "framework": "PyTorch",
      "population_size": 32,
      "mean_time_ms": 1.2222877237945795,
      "std_time_ms": 0.202358348966062,
      "min_time_ms": 1.0939299827441573,
      "max_time_ms": 2.1749649895355105,
      "throughput_samples_per_sec": 26180.41511589132,
      "total_params": 6291456,
      "config": {
        "population_sizes": [
          32,
          64,
          128,
          256,
          512,
          1024,
          2048
        ],
        "input_dim": 512,
        "hidden_dim": 2048,
        "output_dim": 512,
        "batch_size": 1,
        "rank": 4,
        "sigma": 0.1,
        "seed": 42,
        "warmup_iters": 10,
        "bench_iters": 50,
        "num_layers": 3
      }
    },
    {
      "framework": "PyTorch",
      "population_size": 64,
      "mean_time_ms": 1.2070250557735562,
      "std_time_ms": 0.152537281198897,
      "min_time_ms": 1.0782639728859067,
      "max_time_ms": 1.760555082000792,
      "throughput_samples_per_sec": 53022.92582400768,
      "total_params": 6291456,
      "config": {
        "population_sizes": [
          32,
          64,
          128,
          256,
          512,
          1024,
          2048
        ],
        "input_dim": 512,
        "hidden_dim": 2048,
        "output_dim": 512,
        "batch_size": 1,
        "rank": 4,
        "sigma": 0.1,
        "seed": 42,
        "warmup_iters": 10,
        "bench_iters": 50,
        "num_layers": 3
      }
    },
    {
      "framework": "PyTorch",
      "population_size": 128,
      "mean_time_ms": 1.2282694806344807,
      "std_time_ms": 0.21708620120797284,
      "min_time_ms": 1.0809689993038774,
      "max_time_ms": 2.1436730166897178,
      "throughput_samples_per_sec": 104211.6587753037,
      "total_params": 6291456,
      "config": {
        "population_sizes": [
          32,
          64,
          128,
          256,
          512,
          1024,
          2048
        ],
        "input_dim": 512,
        "hidden_dim": 2048,
        "output_dim": 512,
        "batch_size": 1,
        "rank": 4,
        "sigma": 0.1,
        "seed": 42,
        "warmup_iters": 10,
        "bench_iters": 50,
        "num_layers": 3
      }
    },
    {
      "framework": "PyTorch",
      "population_size": 256,
      "mean_time_ms": 1.2991039175540209,
      "std_time_ms": 0.2864037135329843,
      "min_time_ms": 1.0867600794881582,
      "max_time_ms": 2.4815869983285666,
      "throughput_samples_per_sec": 197058.9084836277,
      "total_params": 6291456,
      "config": {
        "population_sizes": [
          32,
          64,
          128,
          256,
          512,
          1024,
          2048
        ],
        "input_dim": 512,
        "hidden_dim": 2048,
        "output_dim": 512,