{
  "timestamp": "2025-12-28 15:23:09",
  "results": [
    {
      "framework": "JAX",
      "population_size": 32,
      "mean_time_ms": 1.1214818782173097,
      "std_time_ms": 0.3391466676841281,
      "min_time_ms": 0.13314897660166025,
      "max_time_ms": 1.4503170386888087,
      "throughput_samples_per_sec": 28533.675506970034,
      "total_params": 6291456,
      "config": {
        "population_sizes": [
          32,
          64,
          128,
          256,
          512,
          1024,
          2048
        ],
        "input_dim": 512,
        "hidden_dim": 2048,
        "output_dim": 512,
        "batch_size": 1,
        "rank": 4,
        "sigma": 0.1,
        "seed": 42,
        "warmup_iters": 10,
        "bench_iters": 50,
        "num_layers": 3
      }
    },
    {
      "framework": "PyTorch",
      "population_size": 32,
      "mean_time_ms": 2.225694340886548,
      "std_time_ms": 0.6642837706219455,
      "min_time_ms": 1.3961289660073817,
      "max_time_ms": 3.3329760190099478,
      "throughput_samples_per_sec": 14377.535770367114,
      "total_params": 6291456,
      "config": {
        "population_sizes": [
          32,
          64,
          128,
          256,
          512,
          1024,
          2048
        ],
        "input_dim": 512,
        "hidden_dim": 2048,
        "output_dim": 512,
        "batch_size": 1,
        "rank": 4,
        "sigma": 0.1,
        "seed": 42,
        "warmup_iters": 10,
        "bench_iters": 50,
        "num_layers": 3
      }
    },
    {
      "framework": "JAX",
      "population_size": 64,
      "mean_time_ms": 1.3608123594895005,
      "std_time_ms": 0.3728965553148164,
      "min_time_ms": 1.1525889858603477,
      "max_time_ms": 3.3872430212795734,
      "throughput_samples_per_sec": 47030.73098484288,
      "total_params": 6291456,
      "config": {
        "population_sizes": [
          32,
          64,
          128,
          256,
          512,
          1024,
          2048
        ],
        "input_dim": 512,
        "hidden_dim": 2048,
        "output_dim": 512,
        "batch_size": 1,
        "rank": 4,
        "sigma": 0.1,
        "seed": 42,
        "warmup_iters": 10,
        "bench_iters": 50,
        "num_layers": 3
      }
    },
    {
      "framework": "PyTorch",
      "population_size": 64,
      "mean_time_ms": 2.5253428402356803,
      "std_time_ms": 1.143162606726146,
      "min_time_ms": 1.5851010102778673,
      "max_time_ms": 5.309825006406754,
      "throughput_samples_per_sec": 25343.093611015258,
      "total_params": 6291456,
      "config": {
        "population_sizes": [
          32,
          64,
          128,
          256,
          512,
          1024,
          2048
        ],
        "input_dim": 512,
        "hidden_dim": 2048,
        "output_dim": 512,
        "batch_size": 1,
        "rank": 4,
        "sigma": 0.1,
        "seed": 42,
        "warmup_iters": 10,
        "bench_iters": 50,
        "num_layers": 3
      }
    },
    {
      "framework": "JAX",
      "population_size": 128,
      "mean_time_ms": 2.425794816808775,
      "std_time_ms": 1.0452973209518381,
      "min_time_ms": 1.1375009780749679,
      "max_time_ms": 5.646508012432605,
      "throughput_samples_per_sec": 52766.21052739689,
      "total_params": 6291456,
      "config": {
        "population_sizes": [
          32,
          64,
          128,
          256,
          512,
          1024,
          2048
        ],
        "input_dim": 512,
        "hidden_dim": 2048,
        "output_dim": 512,
        "batch_size": 1,
        "rank": 4,
        "sigma": 0.1,
        "seed": 42,
        "warmup_iters": 10,
        "bench_iters": 50,
        "num_layers": 3
      }
    },
    {
      "framework": "PyTorch",
      "population_size": 128,
      "mean_time_ms": 4.397612239699811,
      "std_time_ms": 1.679257112699519,
      "min_time_ms": 2.757476002443582,
      "max_time_ms": 8.589345030486584,
      "throughput_samples_per_sec": 29106.704507611958,
      "total_params": 6291456,
      "config": {
        "population_sizes": [
          32,
          64,
          128,
          256,
          512,
          1024,
          2048
        ],
        "input_dim": 512,
        "hidden_dim": 2048,
        "output_dim": 512,
        "batch_size": 1,
        "rank": 4,
        "sigma": 0.1,
        "seed": 42,
        "warmup_iters": 10,
        "bench_iters": 50,
        "num_layers": 3
      }
    },
    {
      "framework": "JAX",
      "population_size": 256,
      "mean_time_ms": 3.0185591790359467,
      "std_time_ms": 1.4129980873981884,
      "min_time_ms": 2.168298000469804,
      "max_time_ms": 8.314410981256515,
      "throughput_samples_per_sec": 84808.67354794087,
      "total_params": 6291456,
      "config": {
        "population_sizes": [
          32,
          64,
          128,
          256,
          512,
          1024,
          2048
        ],
        "input_dim": 512,
        "hidden_dim": 2048,
        "output_dim": 512,
        "batch_size": 1,
        "rank": 4,
        "sigma": 0.1,
        "seed": 42,
        "warmup_iters": 10,
        "bench_iters": 50,
        "num_layers": 3
      }
    },
    {
      "framework": "PyTorch",
      "population_size": 256,
      "mean_time_ms": 5.071515479357913,
      "std_time_ms": 3.2608659617697344,
      "min_time_ms": 1.4053400373086333,
      "max_time_ms": 10.776550974696875,
      "throughput_samples_per_sec": 50478.0082091776,
      "total_params": 6291456,
      "config": {
        "population_sizes": [
          32,
          64,
          128,
          256,
          512,
          1024,
          2048
        ],
        "input_dim": 512,
        "hidden_dim": 2048,
        "output_dim": 512,
        "batch_size": 1,
        "rank": 4,
        "sigma": 0.1,
        "seed": 42,
        "warmup_iters": 10,
        "bench_iters": 50,
        "num_layers": 3
      }
    },
    {
      "framework": "JAX",
      "population_size": 512,
      "mean_time_ms": 1.311854039086029,
      "std_time_ms": 0.348175081947793,
      "min_time_ms": 1.1438860092312098,
      "max_time_ms": 2.539727953262627,
      "throughput_samples_per_sec": 390287.32217550004,
      "total_params": 6291456,
      "config": {
        "population_sizes": [
          32,
          64,
          128,
          256,
          512,
          1024,
          2048
        ],
        "input_dim": 512,
        "hidden_dim": 2048,
        "output_dim": 512,
        "batch_size": 1,
        "rank": 4,
        "sigma": 0.1,
        "seed": 42,
        "warmup_iters": 10,
        "bench_iters": 50,
        "num_layers": 3
      }
    },
    {
      "framework": "PyTorch",
      "population_size": 512,
      "mean_time_ms": 5.113750182790682,
      "std_time_ms": 2.1299587484279514,
      "min_time_ms": 1.4320549671538174,
      "max_time_ms": 8.411825052462518,
      "throughput_samples_per_sec": 100122.2159273707,
      "total_params": 6291456,
      "config": {
        "population_sizes": [
          32,
          64,
          128,
          256,
          512,
          1024,
          2048
        ],
        "input_dim": 512,
        "hidden_dim": 2048,
        "output_dim": 512,
        "batch_size": 1,
        "rank": 4,
        "sigma": 0.1,
        "seed": 42,
        "warmup_iters": 10,
        "bench_iters": 50,
        "num_layers": 3
      }
    },
    {
      "framework": "JAX",
      "population_size": 1024,
      "mean_time_ms": 2.405683898832649,
      "std_time_ms": 0.24150617466050134,
      "min_time_ms": 1.5125799691304564,
      "max_time_ms": 3.5531530156731606,
      "throughput_samples_per_sec": 425658.5831982718,
      "total_params": 6291456,
      "config": {
        "population_sizes": [
          32,
          64,
          128,
          256,
          512,
          1024,
          2048
        ],
        "input_dim": 512,
        "hidden_dim": 2048,
        "output_dim": 512,