{
  "timestamp": "2025-12-31 07:49:04",
  "results": [
    {
      "framework": "JAX",
      "population_size": 32,
      "mean_time_ms": 1.2014229665510356,
      "std_time_ms": 0.33033075217743585,
      "min_time_ms": 0.1769810914993286,
      "max_time_ms": 1.6745059983804822,
      "throughput_samples_per_sec": 26635.082640265697,
      "total_params": 6291456,
      "config": {
        "population_sizes": [
          32,
          64,
          128,
          256,
          512,
          1024,
          2048
        ],
        "input_dim": 512,
        "hidden_dim": 2048,
        "output_dim": 512,
        "batch_size": 1,
        "rank": 4,
        "sigma": 0.1,
        "seed": 42,
        "warmup_iters": 10,
        "bench_iters": 50,
        "num_layers": 3
      }
    },
    {
      "framework": "JAX",
      "population_size": 64,
      "mean_time_ms": 1.4259387250058353,
      "std_time_ms": 0.4031507237930288,
      "min_time_ms": 1.1654889676719904,
      "max_time_ms": 3.2780880574136972,
      "throughput_samples_per_sec": 44882.71401685798,
      "total_params": 6291456,
      "config": {
        "population_sizes": [
          32,
          64,
          128,
          256,
          512,
          1024,
          2048
        ],
        "input_dim": 512,
        "hidden_dim": 2048,
        "output_dim": 512,
        "batch_size": 1,
        "rank": 4,
        "sigma": 0.1,
        "seed": 42,
        "warmup_iters": 10,
        "bench_iters": 50,
        "num_layers": 3
      }
    },
    {
      "framework": "JAX",
      "population_size": 128,
      "mean_time_ms": 2.572810200508684,
      "std_time_ms": 1.1415414374192538,
      "min_time_ms": 1.184151042252779,
      "max_time_ms": 6.638941937126219,
      "throughput_samples_per_sec": 49751.04653063504,
      "total_params": 6291456,
      "config": {
        "population_sizes": [
          32,
          64,
          128,
          256,
          512,
          1024,
          2048
        ],
        "input_dim": 512,
        "hidden_dim": 2048,
        "output_dim": 512,
        "batch_size": 1,
        "rank": 4,
        "sigma": 0.1,
        "seed": 42,
        "warmup_iters": 10,
        "bench_iters": 50,
        "num_layers": 3
      }
    },
    {
      "framework": "JAX",
      "population_size": 256,
      "mean_time_ms": 2.941454399842769,
      "std_time_ms": 1.259554453823736,
      "min_time_ms": 2.2525739623233676,
      "max_time_ms": 7.725383038632572,
      "throughput_samples_per_sec": 87031.77584996188,
      "total_params": 6291456,
      "config": {
        "population_sizes": [
          32,
          64,
          128,
          256,
          512,
          1024,
          2048
        ],
        "input_dim": 512,
        "hidden_dim": 2048,
        "output_dim": 512,
        "batch_size": 1,
        "rank": 4,
        "sigma": 0.1,
        "seed": 42,
        "warmup_iters": 10,
        "bench_iters": 50,
        "num_layers": 3
      }
    },
    {
      "framework": "JAX",
      "population_size": 512,
      "mean_time_ms": 2.9550826409831643,
      "std_time_ms": 1.1550253966194504,
      "min_time_ms": 2.2371489321812987,
      "max_time_ms": 6.956935976631939,
      "throughput_samples_per_sec": 173260.80594133778,
      "total_params": 6291456,
      "config": {
        "population_sizes": [
          32,
          64,
          128,
          256,
          512,
          1024,
          2048
        ],
        "input_dim": 512,
        "hidden_dim": 2048,
        "output_dim": 512,
        "batch_size": 1,
        "rank": 4,
        "sigma": 0.1,
        "seed": 42,
        "warmup_iters": 10,
        "bench_iters": 50,
        "num_layers": 3
      }
    },
    {
      "framework": "JAX",
      "population_size": 1024,
      "mean_time_ms": 3.928732369095087,
      "std_time_ms": 1.512972311301083,
      "min_time_ms": 2.3457969073206186,
      "max_time_ms": 8.086004992946982,
      "throughput_samples_per_sec": 260643.86774094772,
      "total_params": 6291456,
      "config": {
        "population_sizes": [
          32,
          64,
          128,
          256,
          512,
          1024,
          2048
        ],
        "input_dim": 512,
        "hidden_dim": 2048,
        "output_dim": 512,
        "batch_size": 1,
        "rank": 4,
        "sigma": 0.1,
        "seed": 42,
        "warmup_iters": 10,
        "bench_iters": 50,
        "num_layers": 3
      }
    },
    {
      "framework": "JAX",
      "population_size": 2048,
      "mean_time_ms": 4.019070663489401,
      "std_time_ms": 3.88681567542911,
      "min_time_ms": 1.1252380209043622,
      "max_time_ms": 13.907643966376781,
      "throughput_samples_per_sec": 509570.5379367239,
      "total_params": 6291456,
      "config": {
        "population_sizes": [
          32,
          64,
          128,
          256,
          512,
          1024,
          2048
        ],
        "input_dim": 512,
        "hidden_dim": 2048,
        "output_dim": 512,
        "batch_size": 1,
        "rank": 4,
        "sigma": 0.1,
        "seed": 42,
        "warmup_iters": 10,
        "bench_iters": 50,
        "num_layers": 3
      }
    },
    {
      "framework": "PyTorch",
      "population_size": 32,
      "mean_time_ms": 0.9868284198455513,
      "std_time_ms": 0.10741476810188431,
      "min_time_ms": 0.873310025781393,
      "max_time_ms": 1.4228660147637129,
      "throughput_samples_per_sec": 32427.116362344255,
      "total_params": 6291456,
      "config": {
        "population_sizes": [
          32,
          64,
          128,
          256,
          512,
          1024,
          2048
        ],
        "input_dim": 512,
        "hidden_dim": 2048,
        "output_dim": 512,
        "batch_size": 1,
        "rank": 4,
        "sigma": 0.1,
        "seed": 42,
        "warmup_iters": 10,
        "bench_iters": 50,
        "num_layers": 3
      }
    },
    {
      "framework": "PyTorch",
      "population_size": 64,
      "mean_time_ms": 1.2189055769704282,
      "std_time_ms": 0.32316536657272843,
      "min_time_ms": 0.8709760149940848,
      "max_time_ms": 1.9266520394012332,
      "throughput_samples_per_sec": 52506.11795465819,
      "total_params": 6291456,
      "config": {
        "population_sizes": [
          32,
          64,
          128,
          256,
          512,
          1024,
          2048
        ],
        "input_dim": 512,
        "hidden_dim": 2048,
        "output_dim": 512,
        "batch_size": 1,
        "rank": 4,
        "sigma": 0.1,
        "seed": 42,
        "warmup_iters": 10,
        "bench_iters": 50,
        "num_layers": 3
      }
    },
    {
      "framework": "PyTorch",
      "population_size": 128,
      "mean_time_ms": 1.0077249305322766,
      "std_time_ms": 0.1196023433856674,
      "min_time_ms": 0.8834530599415302,
      "max_time_ms": 1.5057020355015993,
      "throughput_samples_per_sec": 127018.78868114423,
      "total_params": 6291456,
      "config": {
        "population_sizes": [
          32,
          64,
          128,
          256,
          512,
          1024,
          2048
        ],
        "input_dim": 512,
        "hidden_dim": 2048,
        "output_dim": 512,
        "batch_size": 1,
        "rank": 4,
        "sigma": 0.1,
        "seed": 42,
        "warmup_iters": 10,
        "bench_iters": 50,
        "num_layers": 3
      }
    },
    {
      "framework": "PyTorch",
      "population_size": 256,
      "mean_time_ms": 1.1970122042112052,
      "std_time_ms": 0.37593598657332683,
      "min_time_ms": 0.8887159638106823,
      "max_time_ms": 2.031033975072205,
      "throughput_samples_per_sec": 213865.8228373672,
      "total_params": 6291456,
      "config": {
        "population_sizes": [
          32,
          64,
          128,
          256,
          512,
          1024,
          2048
        ],
        "input_dim": 512,
        "hidden_dim": 2048,
        "output_dim": 512,