{
  "timestamp": "2025-12-28 15:55:40",
  "results": [
    {
      "framework": "JAX",
      "population_size": 32,
      "mean_time_ms": 1.2299121858086437,
      "std_time_ms": 0.21719690442307468,
      "min_time_ms": 0.24468399351462722,
      "max_time_ms": 1.57047004904598,
      "throughput_samples_per_sec": 26018.117691028983,
      "total_params": 6291456,
      "config": {
        "population_sizes": [
          32,
          64,
          128,
          256,
          512,
          1024,
          2048
        ],
        "input_dim": 512,
        "hidden_dim": 2048,
        "output_dim": 512,
        "batch_size": 1,
        "rank": 4,
        "sigma": 0.1,
        "seed": 42,
        "warmup_iters": 10,
        "bench_iters": 50,
        "num_layers": 3
      }
    },
    {
      "framework": "PyTorch",
      "population_size": 32,
      "mean_time_ms": 5.021135425195098,
      "std_time_ms": 1.6643151721813472,
      "min_time_ms": 3.6442989949136972,
      "max_time_ms": 8.04543198319152,
      "throughput_samples_per_sec": 6373.0605311759,
      "total_params": 6291456,
      "config": {
        "population_sizes": [
          32,
          64,
          128,
          256,
          512,
          1024,
          2048
        ],
        "input_dim": 512,
        "hidden_dim": 2048,
        "output_dim": 512,
        "batch_size": 1,
        "rank": 4,
        "sigma": 0.1,
        "seed": 42,
        "warmup_iters": 10,
        "bench_iters": 50,
        "num_layers": 3
      }
    },
    {
      "framework": "JAX",
      "population_size": 64,
      "mean_time_ms": 1.2524938851129264,
      "std_time_ms": 0.10746689733144854,
      "min_time_ms": 1.1292719864286482,
      "max_time_ms": 1.6667030286043882,
      "throughput_samples_per_sec": 51098.05385934453,
      "total_params": 6291456,
      "config": {
        "population_sizes": [
          32,
          64,
          128,
          256,
          512,
          1024,
          2048
        ],
        "input_dim": 512,
        "hidden_dim": 2048,
        "output_dim": 512,
        "batch_size": 1,
        "rank": 4,
        "sigma": 0.1,
        "seed": 42,
        "warmup_iters": 10,
        "bench_iters": 50,
        "num_layers": 3
      }
    },
    {
      "framework": "PyTorch",
      "population_size": 64,
      "mean_time_ms": 3.1351600238122046,
      "std_time_ms": 0.6635813150733053,
      "min_time_ms": 2.677277021575719,
      "max_time_ms": 4.6506060170941055,
      "throughput_samples_per_sec": 20413.63104718944,
      "total_params": 6291456,
      "config": {
        "population_sizes": [
          32,
          64,
          128,
          256,
          512,
          1024,
          2048
        ],
        "input_dim": 512,
        "hidden_dim": 2048,
        "output_dim": 512,
        "batch_size": 1,
        "rank": 4,
        "sigma": 0.1,
        "seed": 42,
        "warmup_iters": 10,
        "bench_iters": 50,
        "num_layers": 3
      }
    },
    {
      "framework": "JAX",
      "population_size": 128,
      "mean_time_ms": 1.2129309761803597,
      "std_time_ms": 0.06922407061104432,
      "min_time_ms": 1.1237090220674872,
      "max_time_ms": 1.5201190253719687,
      "throughput_samples_per_sec": 105529.50045276668,
      "total_params": 6291456,
      "config": {
        "population_sizes": [
          32,
          64,
          128,
          256,
          512,
          1024,
          2048
        ],
        "input_dim": 512,
        "hidden_dim": 2048,
        "output_dim": 512,
        "batch_size": 1,
        "rank": 4,
        "sigma": 0.1,
        "seed": 42,
        "warmup_iters": 10,
        "bench_iters": 50,
        "num_layers": 3
      }
    },
    {
      "framework": "PyTorch",
      "population_size": 128,
      "mean_time_ms": 2.104441678384319,
      "std_time_ms": 1.269843814706898,
      "min_time_ms": 1.4866950223222375,
      "max_time_ms": 5.947572004515678,
      "throughput_samples_per_sec": 60823.73358917304,
      "total_params": 6291456,
      "config": {
        "population_sizes": [
          32,
          64,
          128,
          256,
          512,
          1024,
          2048
        ],
        "input_dim": 512,
        "hidden_dim": 2048,
        "output_dim": 512,
        "batch_size": 1,
        "rank": 4,
        "sigma": 0.1,
        "seed": 42,
        "warmup_iters": 10,
        "bench_iters": 50,
        "num_layers": 3
      }
    },
    {
      "framework": "JAX",
      "population_size": 256,
      "mean_time_ms": 1.2757719168439507,
      "std_time_ms": 0.08944026005486157,
      "min_time_ms": 1.1330730048939586,
      "max_time_ms": 1.5210279962047935,
      "throughput_samples_per_sec": 200662.8274380751,
      "total_params": 6291456,
      "config": {
        "population_sizes": [
          32,
          64,
          128,
          256,
          512,
          1024,
          2048
        ],
        "input_dim": 512,
        "hidden_dim": 2048,
        "output_dim": 512,
        "batch_size": 1,
        "rank": 4,
        "sigma": 0.1,
        "seed": 42,
        "warmup_iters": 10,
        "bench_iters": 50,
        "num_layers": 3
      }
    },
    {
      "framework": "PyTorch",
      "population_size": 256,
      "mean_time_ms": 2.9538099037017673,
      "std_time_ms": 0.2487527577712348,
      "min_time_ms": 2.7046180330216885,
      "max_time_ms": 3.7154050078243017,
      "throughput_samples_per_sec": 86667.73026902517,
      "total_params": 6291456,
      "config": {
        "population_sizes": [
          32,
          64,
          128,
          256,
          512,
          1024,
          2048
        ],
        "input_dim": 512,
        "hidden_dim": 2048,
        "output_dim": 512,
        "batch_size": 1,
        "rank": 4,
        "sigma": 0.1,
        "seed": 42,
        "warmup_iters": 10,
        "bench_iters": 50,
        "num_layers": 3
      }
    },
    {
      "framework": "JAX",
      "population_size": 512,
      "mean_time_ms": 1.3132668065372854,
      "std_time_ms": 0.28870168556922776,
      "min_time_ms": 1.1330530396662652,
      "max_time_ms": 2.564648981206119,
      "throughput_samples_per_sec": 389867.4644415933,
      "total_params": 6291456,
      "config": {
        "population_sizes": [
          32,
          64,
          128,
          256,
          512,
          1024,
          2048
        ],
        "input_dim": 512,
        "hidden_dim": 2048,
        "output_dim": 512,
        "batch_size": 1,
        "rank": 4,
        "sigma": 0.1,
        "seed": 42,
        "warmup_iters": 10,
        "bench_iters": 50,
        "num_layers": 3
      }
    },
    {
      "framework": "PyTorch",
      "population_size": 512,
      "mean_time_ms": 5.623693894594908,
      "std_time_ms": 0.7930441722844136,
      "min_time_ms": 4.959569952916354,
      "max_time_ms": 10.683556960429996,
      "throughput_samples_per_sec": 91043.36217376585,
      "total_params": 6291456,
      "config": {
        "population_sizes": [
          32,
          64,
          128,
          256,
          512,
          1024,
          2048
        ],
        "input_dim": 512,
        "hidden_dim": 2048,
        "output_dim": 512,
        "batch_size": 1,
        "rank": 4,
        "sigma": 0.1,
        "seed": 42,
        "warmup_iters": 10,
        "bench_iters": 50,
        "num_layers": 3
      }
    },
    {
      "framework": "JAX",
      "population_size": 1024,
      "mean_time_ms": 2.3412722581997514,
      "std_time_ms": 0.7130640271041448,
      "min_time_ms": 1.275547023396939,
      "max_time_ms": 4.383766034152359,
      "throughput_samples_per_sec": 437369.04002244194,
      "total_params": 6291456,
      "config": {
        "population_sizes": [
          32,
          64,
          128,
          256,
          512,
          1024,
          2048
        ],
        "input_dim": 512,
        "hidden_dim": 2048,
        "output_dim": 512,