{
  "timestamp": "2025-12-31 07:32:44",
  "results": [
    {
      "framework": "JAX",
      "population_size": 32,
      "mean_time_ms": 1.1936302809044719,
      "std_time_ms": 0.0745032932886115,
      "min_time_ms": 1.0982470121234655,
      "max_time_ms": 1.541620003990829,
      "throughput_samples_per_sec": 26808.97134726847,
      "total_params": 6291456,
      "config": {
        "population_sizes": [
          32,
          64,
          128,
          256,
          512,
          1024,
          2048
        ],
        "input_dim": 512,
        "hidden_dim": 2048,
        "output_dim": 512,
        "batch_size": 1,
        "rank": 4,
        "sigma": 0.1,
        "seed": 42,
        "warmup_iters": 10,
        "bench_iters": 50,
        "num_layers": 3
      }
    },
    {
      "framework": "JAX",
      "population_size": 64,
      "mean_time_ms": 1.6381246759556234,
      "std_time_ms": 1.1748184103183343,
      "min_time_ms": 1.1060929391533136,
      "max_time_ms": 7.43916304782033,
      "throughput_samples_per_sec": 39069.0653400143,
      "total_params": 6291456,
      "config": {
        "population_sizes": [
          32,
          64,
          128,
          256,
          512,
          1024,
          2048
        ],
        "input_dim": 512,
        "hidden_dim": 2048,
        "output_dim": 512,
        "batch_size": 1,
        "rank": 4,
        "sigma": 0.1,
        "seed": 42,
        "warmup_iters": 10,
        "bench_iters": 50,
        "num_layers": 3
      }
    },
    {
      "framework": "JAX",
      "population_size": 128,
      "mean_time_ms": 2.603165879845619,
      "std_time_ms": 0.9773887067678143,
      "min_time_ms": 1.240300014615059,
      "max_time_ms": 5.502644926309586,
      "throughput_samples_per_sec": 49170.89648070796,
      "total_params": 6291456,
      "config": {
        "population_sizes": [
          32,
          64,
          128,
          256,
          512,
          1024,
          2048
        ],
        "input_dim": 512,
        "hidden_dim": 2048,
        "output_dim": 512,
        "batch_size": 1,
        "rank": 4,
        "sigma": 0.1,
        "seed": 42,
        "warmup_iters": 10,
        "bench_iters": 50,
        "num_layers": 3
      }
    },
    {
      "framework": "JAX",
      "population_size": 256,
      "mean_time_ms": 2.531703468412161,
      "std_time_ms": 1.002502267690928,
      "min_time_ms": 1.1819240171462297,
      "max_time_ms": 6.439826101996005,
      "throughput_samples_per_sec": 101117.6874361825,
      "total_params": 6291456,
      "config": {
        "population_sizes": [
          32,
          64,
          128,
          256,
          512,
          1024,
          2048
        ],
        "input_dim": 512,
        "hidden_dim": 2048,
        "output_dim": 512,
        "batch_size": 1,
        "rank": 4,
        "sigma": 0.1,
        "seed": 42,
        "warmup_iters": 10,
        "bench_iters": 50,
        "num_layers": 3
      }
    },
    {
      "framework": "JAX",
      "population_size": 512,
      "mean_time_ms": 2.8943865979090333,
      "std_time_ms": 0.9803845468396933,
      "min_time_ms": 2.213638974353671,
      "max_time_ms": 7.148163043893874,
      "throughput_samples_per_sec": 176894.13030376792,
      "total_params": 6291456,
      "config": {
        "population_sizes": [
          32,
          64,
          128,
          256,
          512,
          1024,
          2048
        ],
        "input_dim": 512,
        "hidden_dim": 2048,
        "output_dim": 512,
        "batch_size": 1,
        "rank": 4,
        "sigma": 0.1,
        "seed": 42,
        "warmup_iters": 10,
        "bench_iters": 50,
        "num_layers": 3
      }
    },
    {
      "framework": "JAX",
      "population_size": 1024,
      "mean_time_ms": 4.042302423622459,
      "std_time_ms": 1.4415687682956444,
      "min_time_ms": 1.1730990372598171,
      "max_time_ms": 7.465543923899531,
      "throughput_samples_per_sec": 253320.97717774293,
      "total_params": 6291456,
      "config": {
        "population_sizes": [
          32,
          64,
          128,
          256,
          512,
          1024,
          2048
        ],
        "input_dim": 512,
        "hidden_dim": 2048,
        "output_dim": 512,
        "batch_size": 1,
        "rank": 4,
        "sigma": 0.1,
        "seed": 42,
        "warmup_iters": 10,
        "bench_iters": 50,
        "num_layers": 3
      }
    },
    {
      "framework": "JAX",
      "population_size": 2048,
      "mean_time_ms": 2.5402155658230186,
      "std_time_ms": 0.5351835092521859,
      "min_time_ms": 2.181058982387185,
      "max_time_ms": 4.373474977910519,
      "throughput_samples_per_sec": 806230.7890537067,
      "total_params": 6291456,
      "config": {
        "population_sizes": [
          32,
          64,
          128,
          256,
          512,
          1024,
          2048
        ],
        "input_dim": 512,
        "hidden_dim": 2048,
        "output_dim": 512,
        "batch_size": 1,
        "rank": 4,
        "sigma": 0.1,
        "seed": 42,
        "warmup_iters": 10,
        "bench_iters": 50,
        "num_layers": 3
      }
    },
    {
      "framework": "PyTorch",
      "population_size": 32,
      "mean_time_ms": 0.9512715204618871,
      "std_time_ms": 0.16524288946584023,
      "min_time_ms": 0.8368910057470202,
      "max_time_ms": 1.5511000528931618,
      "throughput_samples_per_sec": 33639.18640648728,
      "total_params": 6291456,
      "config": {
        "population_sizes": [
          32,
          64,
          128,
          256,
          512,
          1024,
          2048
        ],
        "input_dim": 512,
        "hidden_dim": 2048,
        "output_dim": 512,
        "batch_size": 1,
        "rank": 4,
        "sigma": 0.1,
        "seed": 42,
        "warmup_iters": 10,
        "bench_iters": 50,
        "num_layers": 3
      }
    },
    {
      "framework": "PyTorch",
      "population_size": 64,
      "mean_time_ms": 1.0087867896072567,
      "std_time_ms": 0.17947731846872564,
      "min_time_ms": 0.8847760036587715,
      "max_time_ms": 1.67334103025496,
      "throughput_samples_per_sec": 63442.54371621643,
      "total_params": 6291456,
      "config": {
        "population_sizes": [
          32,
          64,
          128,
          256,
          512,
          1024,
          2048
        ],
        "input_dim": 512,
        "hidden_dim": 2048,
        "output_dim": 512,
        "batch_size": 1,
        "rank": 4,
        "sigma": 0.1,
        "seed": 42,
        "warmup_iters": 10,
        "bench_iters": 50,
        "num_layers": 3
      }
    },
    {
      "framework": "PyTorch",
      "population_size": 128,
      "mean_time_ms": 1.1092706909403205,
      "std_time_ms": 0.31353953935921514,
      "min_time_ms": 0.867104041390121,
      "max_time_ms": 2.085779095068574,
      "throughput_samples_per_sec": 115391.13134909871,
      "total_params": 6291456,
      "config": {
        "population_sizes": [
          32,
          64,
          128,
          256,
          512,
          1024,
          2048
        ],
        "input_dim": 512,
        "hidden_dim": 2048,
        "output_dim": 512,
        "batch_size": 1,
        "rank": 4,
        "sigma": 0.1,
        "seed": 42,
        "warmup_iters": 10,
        "bench_iters": 50,
        "num_layers": 3
      }
    },
    {
      "framework": "PyTorch",
      "population_size": 256,
      "mean_time_ms": 2.288606313522905,
      "std_time_ms": 0.5721301191388175,
      "min_time_ms": 1.9747470505535603,
      "max_time_ms": 4.1733719408512115,
      "throughput_samples_per_sec": 111858.4697102986,
      "total_params": 6291456,
      "config": {
        "population_sizes": [
          32,
          64,
          128,
          256,
          512,
          1024,
          2048
        ],
        "input_dim": 512,
        "hidden_dim": 2048,
        "output_dim": 512,