{
  "timestamp": "2025-12-28 15:58:54",
  "results": [
    {
      "framework": "JAX",
      "population_size": 32,
      "mean_time_ms": 1.2330566218588501,
      "std_time_ms": 0.16582665959738352,
      "min_time_ms": 0.18288398860022426,
      "max_time_ms": 1.520126999821514,
      "throughput_samples_per_sec": 25951.768501725048,
      "total_params": 6291456,
      "config": {
        "population_sizes": [
          32,
          64,
          128,
          256,
          512,
          1024,
          2048
        ],
        "input_dim": 512,
        "hidden_dim": 2048,
        "output_dim": 512,
        "batch_size": 1,
        "rank": 4,
        "sigma": 0.1,
        "seed": 42,
        "warmup_iters": 10,
        "bench_iters": 50,
        "num_layers": 3
      }
    },
    {
      "framework": "PyTorch",
      "population_size": 32,
      "mean_time_ms": 0.9213591809384525,
      "std_time_ms": 0.3046507075686293,
      "min_time_ms": 0.693164998665452,
      "max_time_ms": 2.307543996721506,
      "throughput_samples_per_sec": 34731.29769804468,
      "total_params": 6291456,
      "config": {
        "population_sizes": [
          32,
          64,
          128,
          256,
          512,
          1024,
          2048
        ],
        "input_dim": 512,
        "hidden_dim": 2048,
        "output_dim": 512,
        "batch_size": 1,
        "rank": 4,
        "sigma": 0.1,
        "seed": 42,
        "warmup_iters": 10,
        "bench_iters": 50,
        "num_layers": 3
      }
    },
    {
      "framework": "JAX",
      "population_size": 64,
      "mean_time_ms": 1.1467783397529274,
      "std_time_ms": 0.2219453148378188,
      "min_time_ms": 0.1330160303041339,
      "max_time_ms": 1.4389120042324066,
      "throughput_samples_per_sec": 55808.518334754,
      "total_params": 6291456,
      "config": {
        "population_sizes": [
          32,
          64,
          128,
          256,
          512,
          1024,
          2048
        ],
        "input_dim": 512,
        "hidden_dim": 2048,
        "output_dim": 512,
        "batch_size": 1,
        "rank": 4,
        "sigma": 0.1,
        "seed": 42,
        "warmup_iters": 10,
        "bench_iters": 50,
        "num_layers": 3
      }
    },
    {
      "framework": "PyTorch",
      "population_size": 64,
      "mean_time_ms": 0.7933592388872057,
      "std_time_ms": 0.08581793863227948,
      "min_time_ms": 0.6999500328674912,
      "max_time_ms": 1.1384250246919692,
      "throughput_samples_per_sec": 80669.6347165109,
      "total_params": 6291456,
      "config": {
        "population_sizes": [
          32,
          64,
          128,
          256,
          512,
          1024,
          2048
        ],
        "input_dim": 512,
        "hidden_dim": 2048,
        "output_dim": 512,
        "batch_size": 1,
        "rank": 4,
        "sigma": 0.1,
        "seed": 42,
        "warmup_iters": 10,
        "bench_iters": 50,
        "num_layers": 3
      }
    },
    {
      "framework": "JAX",
      "population_size": 128,
      "mean_time_ms": 1.276277118595317,
      "std_time_ms": 0.47199826791570165,
      "min_time_ms": 1.096483028959483,
      "max_time_ms": 4.357795987743884,
      "throughput_samples_per_sec": 100291.6985151924,
      "total_params": 6291456,
      "config": {
        "population_sizes": [
          32,
          64,
          128,
          256,
          512,
          1024,
          2048
        ],
        "input_dim": 512,
        "hidden_dim": 2048,
        "output_dim": 512,
        "batch_size": 1,
        "rank": 4,
        "sigma": 0.1,
        "seed": 42,
        "warmup_iters": 10,
        "bench_iters": 50,
        "num_layers": 3
      }
    },
    {
      "framework": "PyTorch",
      "population_size": 128,
      "mean_time_ms": 1.3770941412076354,
      "std_time_ms": 1.1097118930704024,
      "min_time_ms": 0.9191540302708745,
      "max_time_ms": 5.474664969369769,
      "throughput_samples_per_sec": 92949.34614110774,
      "total_params": 6291456,
      "config": {
        "population_sizes": [
          32,
          64,
          128,
          256,
          512,
          1024,
          2048
        ],
        "input_dim": 512,
        "hidden_dim": 2048,
        "output_dim": 512,
        "batch_size": 1,
        "rank": 4,
        "sigma": 0.1,
        "seed": 42,
        "warmup_iters": 10,
        "bench_iters": 50,
        "num_layers": 3
      }
    },
    {
      "framework": "JAX",
      "population_size": 256,
      "mean_time_ms": 2.9728679556865245,
      "std_time_ms": 1.239033386714702,
      "min_time_ms": 2.212113991845399,
      "max_time_ms": 7.382620999123901,
      "throughput_samples_per_sec": 86112.13273375336,
      "total_params": 6291456,
      "config": {
        "population_sizes": [
          32,
          64,
          128,
          256,
          512,
          1024,
          2048
        ],
        "input_dim": 512,
        "hidden_dim": 2048,
        "output_dim": 512,
        "batch_size": 1,
        "rank": 4,
        "sigma": 0.1,
        "seed": 42,
        "warmup_iters": 10,
        "bench_iters": 50,
        "num_layers": 3
      }
    },
    {
      "framework": "PyTorch",
      "population_size": 256,
      "mean_time_ms": 4.3374811741523445,
      "std_time_ms": 1.563437730774427,
      "min_time_ms": 3.0416150111705065,
      "max_time_ms": 8.091266034170985,
      "throughput_samples_per_sec": 59020.42907426083,
      "total_params": 6291456,
      "config": {
        "population_sizes": [
          32,
          64,
          128,
          256,
          512,
          1024,
          2048
        ],
        "input_dim": 512,
        "hidden_dim": 2048,
        "output_dim": 512,
        "batch_size": 1,
        "rank": 4,
        "sigma": 0.1,
        "seed": 42,
        "warmup_iters": 10,
        "bench_iters": 50,
        "num_layers": 3
      }
    },
    {
      "framework": "JAX",
      "population_size": 512,
      "mean_time_ms": 1.2673488981090486,
      "std_time_ms": 0.2909856861939833,
      "min_time_ms": 1.1028440203517675,
      "max_time_ms": 2.375921991188079,
      "throughput_samples_per_sec": 403992.93419825507,
      "total_params": 6291456,
      "config": {
        "population_sizes": [
          32,
          64,
          128,
          256,
          512,
          1024,
          2048
        ],
        "input_dim": 512,
        "hidden_dim": 2048,
        "output_dim": 512,
        "batch_size": 1,
        "rank": 4,
        "sigma": 0.1,
        "seed": 42,
        "warmup_iters": 10,
        "bench_iters": 50,
        "num_layers": 3
      }
    },
    {
      "framework": "PyTorch",
      "population_size": 512,
      "mean_time_ms": 1.87833012198098,
      "std_time_ms": 0.46195944653567095,
      "min_time_ms": 1.6160350060090423,
      "max_time_ms": 3.2785030198283494,
      "throughput_samples_per_sec": 272582.54233820166,
      "total_params": 6291456,
      "config": {
        "population_sizes": [
          32,
          64,
          128,
          256,
          512,
          1024,
          2048
        ],
        "input_dim": 512,
        "hidden_dim": 2048,
        "output_dim": 512,
        "batch_size": 1,
        "rank": 4,
        "sigma": 0.1,
        "seed": 42,
        "warmup_iters": 10,
        "bench_iters": 50,
        "num_layers": 3
      }
    },
    {
      "framework": "JAX",
      "population_size": 1024,
      "mean_time_ms": 4.064343099016696,
      "std_time_ms": 1.1565450080350324,
      "min_time_ms": 3.1909000244922936,
      "max_time_ms": 7.654179004020989,
      "throughput_samples_per_sec": 251947.23355115874,
      "total_params": 6291456,
      "config": {
        "population_sizes": [
          32,
          64,
          128,
          256,
          512,
          1024,
          2048
        ],
        "input_dim": 512,
        "hidden_dim": 2048,
        "output_dim": 512,