{
  "timestamp": "2025-12-28 16:24:37",
  "results": [
    {
      "framework": "JAX",
      "population_size": 32,
      "mean_time_ms": 1.1972994066309184,
      "std_time_ms": 0.21643564377283533,
      "min_time_ms": 0.3456930280663073,
      "max_time_ms": 1.3703060103580356,
      "throughput_samples_per_sec": 26726.815216625575,
      "total_params": 6291456,
      "config": {
        "population_sizes": [
          32,
          64,
          128,
          256,
          512,
          1024,
          2048
        ],
        "input_dim": 512,
        "hidden_dim": 2048,
        "output_dim": 512,
        "batch_size": 1,
        "rank": 4,
        "sigma": 0.1,
        "seed": 42,
        "warmup_iters": 10,
        "bench_iters": 50,
        "num_layers": 3
      }
    },
    {
      "framework": "PyTorch",
      "population_size": 32,
      "mean_time_ms": 1.1534785607364029,
      "std_time_ms": 0.1993907164574292,
      "min_time_ms": 1.0036510066129267,
      "max_time_ms": 1.9387179636396468,
      "throughput_samples_per_sec": 27742.171453599087,
      "total_params": 6291456,
      "config": {
        "population_sizes": [
          32,
          64,
          128,
          256,
          512,
          1024,
          2048
        ],
        "input_dim": 512,
        "hidden_dim": 2048,
        "output_dim": 512,
        "batch_size": 1,
        "rank": 4,
        "sigma": 0.1,
        "seed": 42,
        "warmup_iters": 10,
        "bench_iters": 50,
        "num_layers": 3
      }
    },
    {
      "framework": "JAX",
      "population_size": 64,
      "mean_time_ms": 1.2641240167431533,
      "std_time_ms": 0.10895992177792467,
      "min_time_ms": 1.1393470340408385,
      "max_time_ms": 1.5997549635358155,
      "throughput_samples_per_sec": 50627.944056381,
      "total_params": 6291456,
      "config": {
        "population_sizes": [
          32,
          64,
          128,
          256,
          512,
          1024,
          2048
        ],
        "input_dim": 512,
        "hidden_dim": 2048,
        "output_dim": 512,
        "batch_size": 1,
        "rank": 4,
        "sigma": 0.1,
        "seed": 42,
        "warmup_iters": 10,
        "bench_iters": 50,
        "num_layers": 3
      }
    },
    {
      "framework": "PyTorch",
      "population_size": 64,
      "mean_time_ms": 1.716505098156631,
      "std_time_ms": 0.8097352286037309,
      "min_time_ms": 1.2044599861837924,
      "max_time_ms": 4.416405980009586,
      "throughput_samples_per_sec": 37285.062577868324,
      "total_params": 6291456,
      "config": {
        "population_sizes": [
          32,
          64,
          128,
          256,
          512,
          1024,
          2048
        ],
        "input_dim": 512,
        "hidden_dim": 2048,
        "output_dim": 512,
        "batch_size": 1,
        "rank": 4,
        "sigma": 0.1,
        "seed": 42,
        "warmup_iters": 10,
        "bench_iters": 50,
        "num_layers": 3
      }
    },
    {
      "framework": "JAX",
      "population_size": 128,
      "mean_time_ms": 2.583566476823762,
      "std_time_ms": 1.0694859053720256,
      "min_time_ms": 1.2308239820413291,
      "max_time_ms": 7.8849130077287555,
      "throughput_samples_per_sec": 49543.91580330585,
      "total_params": 6291456,
      "config": {
        "population_sizes": [
          32,
          64,
          128,
          256,
          512,
          1024,
          2048
        ],
        "input_dim": 512,
        "hidden_dim": 2048,
        "output_dim": 512,
        "batch_size": 1,
        "rank": 4,
        "sigma": 0.1,
        "seed": 42,
        "warmup_iters": 10,
        "bench_iters": 50,
        "num_layers": 3
      }
    },
    {
      "framework": "PyTorch",
      "population_size": 128,
      "mean_time_ms": 3.3888250158634037,
      "std_time_ms": 1.3854298219417933,
      "min_time_ms": 2.0834149909205735,
      "max_time_ms": 7.930546998977661,
      "throughput_samples_per_sec": 37771.2037065414,
      "total_params": 6291456,
      "config": {
        "population_sizes": [
          32,
          64,
          128,
          256,
          512,
          1024,
          2048
        ],
        "input_dim": 512,
        "hidden_dim": 2048,
        "output_dim": 512,
        "batch_size": 1,
        "rank": 4,
        "sigma": 0.1,
        "seed": 42,
        "warmup_iters": 10,
        "bench_iters": 50,
        "num_layers": 3
      }
    },
    {
      "framework": "JAX",
      "population_size": 256,
      "mean_time_ms": 2.829194574151188,
      "std_time_ms": 0.9184709309259946,
      "min_time_ms": 2.2335760295391083,
      "max_time_ms": 5.549577996134758,
      "throughput_samples_per_sec": 90485.11627264266,
      "total_params": 6291456,
      "config": {
        "population_sizes": [
          32,
          64,
          128,
          256,
          512,
          1024,
          2048
        ],
        "input_dim": 512,
        "hidden_dim": 2048,
        "output_dim": 512,
        "batch_size": 1,
        "rank": 4,
        "sigma": 0.1,
        "seed": 42,
        "warmup_iters": 10,
        "bench_iters": 50,
        "num_layers": 3
      }
    },
    {
      "framework": "PyTorch",
      "population_size": 256,
      "mean_time_ms": 5.362975700991228,
      "std_time_ms": 3.2226167753785804,
      "min_time_ms": 1.1501270346343517,
      "max_time_ms": 11.241434956900775,
      "throughput_samples_per_sec": 47734.69325111505,
      "total_params": 6291456,
      "config": {
        "population_sizes": [
          32,
          64,
          128,
          256,
          512,
          1024,
          2048
        ],
        "input_dim": 512,
        "hidden_dim": 2048,
        "output_dim": 512,
        "batch_size": 1,
        "rank": 4,
        "sigma": 0.1,
        "seed": 42,
        "warmup_iters": 10,
        "bench_iters": 50,
        "num_layers": 3
      }
    },
    {
      "framework": "JAX",
      "population_size": 512,
      "mean_time_ms": 1.3453780848067254,
      "std_time_ms": 0.26801496956222104,
      "min_time_ms": 1.1256690486334264,
      "max_time_ms": 2.373215975239873,
      "throughput_samples_per_sec": 380562.16745462525,
      "total_params": 6291456,
      "config": {
        "population_sizes": [
          32,
          64,
          128,
          256,
          512,
          1024,
          2048
        ],
        "input_dim": 512,
        "hidden_dim": 2048,
        "output_dim": 512,
        "batch_size": 1,
        "rank": 4,
        "sigma": 0.1,
        "seed": 42,
        "warmup_iters": 10,
        "bench_iters": 50,
        "num_layers": 3
      }
    },
    {
      "framework": "PyTorch",
      "population_size": 512,
      "mean_time_ms": 2.0970086206216365,
      "std_time_ms": 0.40241673787166743,
      "min_time_ms": 1.7629910144023597,
      "max_time_ms": 3.646561992354691,
      "throughput_samples_per_sec": 244157.31769773216,
      "total_params": 6291456,
      "config": {
        "population_sizes": [
          32,
          64,
          128,
          256,
          512,
          1024,
          2048
        ],
        "input_dim": 512,
        "hidden_dim": 2048,
        "output_dim": 512,
        "batch_size": 1,
        "rank": 4,
        "sigma": 0.1,
        "seed": 42,
        "warmup_iters": 10,
        "bench_iters": 50,
        "num_layers": 3
      }
    },
    {
      "framework": "JAX",
      "population_size": 1024,
      "mean_time_ms": 2.6093482633586973,
      "std_time_ms": 0.6038524287186501,
      "min_time_ms": 2.1645459928549826,
      "max_time_ms": 4.5985589968040586,
      "throughput_samples_per_sec": 392435.1587633339,
      "total_params": 6291456,
      "config": {
        "population_sizes": [
          32,
          64,
          128,
          256,
          512,
          1024,
          2048
        ],
        "input_dim": 512,
        "hidden_dim": 2048,
        "output_dim": 512,