{
  "timestamp": "2025-12-28 16:02:50",
  "results": [
    {
      "framework": "JAX",
      "population_size": 32,
      "mean_time_ms": 1.2383705202955753,
      "std_time_ms": 0.1999879641107137,
      "min_time_ms": 0.3518519806675613,
      "max_time_ms": 1.5718410140834749,
      "throughput_samples_per_sec": 25840.408404071357,
      "total_params": 6291456,
      "config": {
        "population_sizes": [
          32,
          64,
          128,
          256,
          512,
          1024,
          2048
        ],
        "input_dim": 512,
        "hidden_dim": 2048,
        "output_dim": 512,
        "batch_size": 1,
        "rank": 4,
        "sigma": 0.1,
        "seed": 42,
        "warmup_iters": 10,
        "bench_iters": 50,
        "num_layers": 3
      }
    },
    {
      "framework": "PyTorch",
      "population_size": 32,
      "mean_time_ms": 1.2342021230142564,
      "std_time_ms": 0.25004195885601616,
      "min_time_ms": 1.031331019476056,
      "max_time_ms": 2.3233250249177217,
      "throughput_samples_per_sec": 25927.681862876172,
      "total_params": 6291456,
      "config": {
        "population_sizes": [
          32,
          64,
          128,
          256,
          512,
          1024,
          2048
        ],
        "input_dim": 512,
        "hidden_dim": 2048,
        "output_dim": 512,
        "batch_size": 1,
        "rank": 4,
        "sigma": 0.1,
        "seed": 42,
        "warmup_iters": 10,
        "bench_iters": 50,
        "num_layers": 3
      }
    },
    {
      "framework": "JAX",
      "population_size": 64,
      "mean_time_ms": 1.2910794233903289,
      "std_time_ms": 0.4977774939583338,
      "min_time_ms": 1.1135360109619796,
      "max_time_ms": 4.606954986229539,
      "throughput_samples_per_sec": 49570.92401948306,
      "total_params": 6291456,
      "config": {
        "population_sizes": [
          32,
          64,
          128,
          256,
          512,
          1024,
          2048
        ],
        "input_dim": 512,
        "hidden_dim": 2048,
        "output_dim": 512,
        "batch_size": 1,
        "rank": 4,
        "sigma": 0.1,
        "seed": 42,
        "warmup_iters": 10,
        "bench_iters": 50,
        "num_layers": 3
      }
    },
    {
      "framework": "PyTorch",
      "population_size": 64,
      "mean_time_ms": 1.5330202388577163,
      "std_time_ms": 0.6897955478913604,
      "min_time_ms": 1.1326430249027908,
      "max_time_ms": 3.81782598560676,
      "throughput_samples_per_sec": 41747.65497400586,
      "total_params": 6291456,
      "config": {
        "population_sizes": [
          32,
          64,
          128,
          256,
          512,
          1024,
          2048
        ],
        "input_dim": 512,
        "hidden_dim": 2048,
        "output_dim": 512,
        "batch_size": 1,
        "rank": 4,
        "sigma": 0.1,
        "seed": 42,
        "warmup_iters": 10,
        "bench_iters": 50,
        "num_layers": 3
      }
    },
    {
      "framework": "JAX",
      "population_size": 128,
      "mean_time_ms": 2.669305701274425,
      "std_time_ms": 1.1211987085313821,
      "min_time_ms": 1.217549026478082,
      "max_time_ms": 6.545127020217478,
      "throughput_samples_per_sec": 47952.544340982786,
      "total_params": 6291456,
      "config": {
        "population_sizes": [
          32,
          64,
          128,
          256,
          512,
          1024,
          2048
        ],
        "input_dim": 512,
        "hidden_dim": 2048,
        "output_dim": 512,
        "batch_size": 1,
        "rank": 4,
        "sigma": 0.1,
        "seed": 42,
        "warmup_iters": 10,
        "bench_iters": 50,
        "num_layers": 3
      }
    },
    {
      "framework": "PyTorch",
      "population_size": 128,
      "mean_time_ms": 2.514143178705126,
      "std_time_ms": 1.0507630966810944,
      "min_time_ms": 1.4373059966601431,
      "max_time_ms": 6.080690014641732,
      "throughput_samples_per_sec": 50911.977123723154,
      "total_params": 6291456,
      "config": {
        "population_sizes": [
          32,
          64,
          128,
          256,
          512,
          1024,
          2048
        ],
        "input_dim": 512,
        "hidden_dim": 2048,
        "output_dim": 512,
        "batch_size": 1,
        "rank": 4,
        "sigma": 0.1,
        "seed": 42,
        "warmup_iters": 10,
        "bench_iters": 50,
        "num_layers": 3
      }
    },
    {
      "framework": "JAX",
      "population_size": 256,
      "mean_time_ms": 2.9706638865172863,
      "std_time_ms": 1.435736615209451,
      "min_time_ms": 2.179261005949229,
      "max_time_ms": 8.718654047697783,
      "throughput_samples_per_sec": 86176.02319868183,
      "total_params": 6291456,
      "config": {
        "population_sizes": [
          32,
          64,
          128,
          256,
          512,
          1024,
          2048
        ],
        "input_dim": 512,
        "hidden_dim": 2048,
        "output_dim": 512,
        "batch_size": 1,
        "rank": 4,
        "sigma": 0.1,
        "seed": 42,
        "warmup_iters": 10,
        "bench_iters": 50,
        "num_layers": 3
      }
    },
    {
      "framework": "PyTorch",
      "population_size": 256,
      "mean_time_ms": 1.892933517228812,
      "std_time_ms": 1.739284746994242,
      "min_time_ms": 1.0615549981594086,
      "max_time_ms": 9.70611599041149,
      "throughput_samples_per_sec": 135239.82626435554,
      "total_params": 6291456,
      "config": {
        "population_sizes": [
          32,
          64,
          128,
          256,
          512,
          1024,
          2048
        ],
        "input_dim": 512,
        "hidden_dim": 2048,
        "output_dim": 512,
        "batch_size": 1,
        "rank": 4,
        "sigma": 0.1,
        "seed": 42,
        "warmup_iters": 10,
        "bench_iters": 50,
        "num_layers": 3
      }
    },
    {
      "framework": "JAX",
      "population_size": 512,
      "mean_time_ms": 1.228054444072768,
      "std_time_ms": 0.21286948353354324,
      "min_time_ms": 1.1042300029657781,
      "max_time_ms": 2.2388119832612574,
      "throughput_samples_per_sec": 416919.62638234755,
      "total_params": 6291456,
      "config": {
        "population_sizes": [
          32,
          64,
          128,
          256,
          512,
          1024,
          2048
        ],
        "input_dim": 512,
        "hidden_dim": 2048,
        "output_dim": 512,
        "batch_size": 1,
        "rank": 4,
        "sigma": 0.1,
        "seed": 42,
        "warmup_iters": 10,
        "bench_iters": 50,
        "num_layers": 3
      }
    },
    {
      "framework": "PyTorch",
      "population_size": 512,
      "mean_time_ms": 4.667830063262954,
      "std_time_ms": 1.7097156881615316,
      "min_time_ms": 2.2041749907657504,
      "max_time_ms": 7.660827017389238,
      "throughput_samples_per_sec": 109686.94083993635,
      "total_params": 6291456,
      "config": {
        "population_sizes": [
          32,
          64,
          128,
          256,
          512,
          1024,
          2048
        ],
        "input_dim": 512,
        "hidden_dim": 2048,
        "output_dim": 512,
        "batch_size": 1,
        "rank": 4,
        "sigma": 0.1,
        "seed": 42,
        "warmup_iters": 10,
        "bench_iters": 50,
        "num_layers": 3
      }
    },
    {
      "framework": "JAX",
      "population_size": 1024,
      "mean_time_ms": 1.7916690569836646,
      "std_time_ms": 0.5376345711430326,
      "min_time_ms": 1.1862529790960252,
      "max_time_ms": 3.4324759617447853,
      "throughput_samples_per_sec": 571534.1212198745,
      "total_params": 6291456,
      "config": {
        "population_sizes": [
          32,
          64,
          128,
          256,
          512,
          1024,
          2048
        ],
        "input_dim": 512,
        "hidden_dim": 2048,
        "output_dim": 512,